pit_id,src_year,lat_dd,lon_dd,in_aoi,has_coordinates,saxaul_status,label_role,label_strength,label_weight,confidence,evidence_source,role_reason,landform_vegetation,evidence_quote,has_narrative_block,top_salt_sum_salts_pct,prof_salt_sum_salts_pct,top_salt_cl_pct,prof_salt_cl_pct,top_salt_so4_pct,prof_salt_so4_pct,top_salt_na_pct,prof_salt_na_pct,top_salt_alk_hco3_pct,prof_salt_alk_hco3_pct,top_salt_ca_pct,prof_salt_ca_pct,top_salt_mg_pct,prof_salt_mg_pct,top_humus_pct,prof_humus_pct,top_n_total_pct,prof_n_total_pct,top_c_n_ratio,prof_c_n_ratio,top_caco3_pct,prof_caco3_pct,top_caso4_pct,prof_caso4_pct,top_exch_ca,prof_exch_ca,top_exch_mg,prof_exch_mg,top_exch_na,prof_exch_na,top_exch_k,prof_exch_k,top_exch_sum,prof_exch_sum,top_p2o5_mobile,prof_p2o5_mobile,top_k2o_mobile,prof_k2o_mobile,top_ph_water,prof_ph_water,top_sand_pct,prof_sand_pct,top_silt_pct,prof_silt_pct,top_clay_pct,prof_clay_pct,top_physical_clay_lt0p01,prof_physical_clay_lt0p01,top_hygroscopic_water_pct,prof_hygroscopic_water_pct,n_layers,depth_to_moist_cm,depth_to_salt_cm,rust_mottling_flag,gley_flag,solum_depth_cm,hcl_effervescence_class,surface_crust_flag,marine_shell_flag,horizon_salic_flag,horizon_ploughed_flag,rs_ndmi,rs_ndvi,rs_ndwi_nir,rs_ndsi_green_swir2,rs_br_nir_swir2,rs_bi,rs_slope_deg,rs_scl,v5_zone_map,v5_zone_recomputed,v5_zone_name,rs_prod_valid,rs30_ndmi,rs30_msavi,rs30_si,rs30_ndwi,rs30_slope,rs30_twi,rs30_vh,rs30_valid,y_suitable
01/13,2013,46.12963888888889,61.552861111111106,True,True,absent_recorded,negative,weak,0.4,low,morphology,vegetated non-saxaul community (not confident absence),"Волнистая равнина к северу от пос. Аманоткель / полынно-итсигековой растительностью (эфемеры, осочка)","Волнистая равнина к северу от пос. Аманоткель / полынно-итсигековой растительностью (эфемеры, осочка)",True,0.08700000000000001,0.08700000000000001,0.015,0.015,0.015,0.015,0.019,0.019,0.029,0.029,0.004,0.004,0.001,0.001,0.32130434782608697,0.4966666666666667,0.02191304347826087,0.019515151515151517,9.091304347826087,17.63939393939394,2.0608695652173914,1.9395348837209303,,,4.217391304347826,5.96969696969697,2.652173913043478,3.3636363636363638,3.4508695652173915,3.1566666666666667,0.11347826086956524,0.08818181818181818,10.43391304347826,12.57818181818182,,,,,8.995652173913044,8.375471698113207,29.06,29.06,56.84,56.84,14.11,14.11,33.46,33.46,,,6,3.0,0.0,0,0,90.0,2.0,0,0,0,0,,,,,,0.0,0.4745558202266693,0.0,0.0,,Water / NoData / Shadow,False,-0.12485238909721375,0.14497989416122437,2635.45166015625,-0.17752419412136078,,,-60.0,True,0.0
01/14,2014,45.756277777777775,61.54661111111111,True,True,absent_recorded,exclude,,0.0,low,morphology,"agriculture/ploughed land, not candidate terrain",Очень старая залежь,Очень старая залежь,True,0.075,0.075,0.003,0.003,0.027,0.027,0.005,0.005,0.022,0.022,0.011,0.011,0.001,0.001,0.3554545454545454,0.34703703703703703,0.014000000000000002,0.014,14.727272727272727,14.37037037037037,13.759090909090908,16.05744680851064,,,4.068181818181818,4.796296296296297,1.75,1.75,0.28863636363636364,0.3055555555555556,0.26227272727272727,0.2951851851851852,6.390909090909091,7.17037037037037,35.13636363636363,29.925925925925927,244.54545454545453,286.2962962962963,8.918181818181818,8.770212765957446,92.37,92.37,6.010000000000001,6.010000000000001,1.6,1.6,4.41,4.41,0.28,0.28,5,0.0,24.0,1,0,100.0,2.0,0,0,0,0,-0.07557857,0.14011979,-0.23904555,-0.2992409,0.87822884,0.27778107,0.4706631600856781,5.0,10.0,10.0,Existing vegetation,True,-0.0883113369345665,0.13580337166786194,2312.3720703125,-0.15937013924121857,,,-60.0,True,
02/13,2013,46.1435,61.55755555555555,True,True,absent_recorded,negative,weak,0.4,low,morphology,vegetated non-saxaul community (not confident absence),Высокие видимые поверхности / полынной растительностью,Высокие видимые поверхности / полынной растительностью,True,0.089,0.089,0.017,0.017,0.019,0.019,0.015,0.015,0.024,0.024,0.008,0.008,0.001,0.001,0.629090909090909,0.629090909090909,0.03563636363636364,0.03563636363636364,10.881818181818183,10.881818181818183,2.8454545454545452,2.7047619047619045,,,5.318181818181818,5.318181818181818,3.4545454545454546,3.4545454545454546,1.2481818181818183,1.2481818181818183,0.34,0.34,10.360909090909091,10.360909090909091,,,,,8.354545454545455,8.376190476190477,43.400000000000006,43.400000000000006,47.7,47.7,8.9,8.9,16.98,16.98,,,5,4.0,0.0,0,0,75.0,2.0,0,0,0,0,,,,,,0.0,0.24709931015968323,0.0,0.0,,Water / NoData / Shadow,False,-0.15179325640201569,0.16939909756183624,2255.492919921875,-0.1913161426782608,,,-60.0,True,0.0
02/14,2014,45.71036111111111,61.558416666666666,True,True,absent_recorded,negative,weak,0.4,low,morphology,vegetated non-saxaul community (not confident absence),Широкая останцовая поверхность / биюргуново-полынная,Широкая останцовая поверхность / биюргуново-полынная,True,0.05600000000000001,0.05600000000000001,0.004,0.004,0.014000000000000002,0.014000000000000002,0.004,0.004,0.02,0.02,0.006,0.006,0.001,0.001,0.456,0.4028571428571429,0.019600000000000003,0.018000000000000002,13.82,13.071428571428571,2.32,1.8666666666666667,,,7.45,7.464285714285714,2.4,2.2857142857142856,0.37799999999999995,0.4671428571428571,0.86,0.7685714285714286,11.1,10.985714285714286,30.6,24.714285714285715,760.0,702.8571428571429,8.88,8.955555555555556,81.4,81.4,10.69,10.69,7.909999999999999,7.909999999999999,11.87,11.87,0.8800000000000001,0.8800000000000001,5,5.0,,0,0,70.0,2.0,0,0,1,0,-0.1573589,0.10526316,-0.18634063,-0.3258819,0.74130666,0.2985663,0.9061431288719177,5.0,10.0,10.0,Existing vegetation,True,-0.1192549616098404,0.15406064689159393,2486.2744140625,-0.1634446382522583,,,-60.0,True,0.0
05/14,2014,45.665305555555555,61.69419444444444,True,True,absent_recorded,negative,weak,0.4,low,morphology,vegetated non-saxaul community (not confident absence),Широкая депрессия / биюргуновая,Широкая депрессия / биюргуновая,True,0.07,0.07,0.001,0.001,0.024,0.024,0.013,0.013,0.024,0.024,0.004,0.004,0.001,0.001,0.5426923076923077,0.5426923076923077,0.03930769230769231,0.03930769230769231,11.26923076923077,11.26923076923077,2.982142857142857,2.258695652173913,,,9.642857142857142,10.222222222222221,2.4642857142857144,2.5833333333333335,3.2407142857142857,3.7205555555555554,0.12035714285714287,0.09805555555555558,15.453571428571427,16.619444444444444,,,,,8.82857142857143,8.507142857142856,73.08,73.08,24.51,24.51,2.41,2.41,13.26,13.26,2.7,2.7,6,,0.0,0,0,90.0,,1,0,1,0,,,,,,0.0,0.26203233003616333,0.0,0.0,,Water / NoData / Shadow,False,-0.11669921875,0.1633310317993164,2388.701416015625,-0.170684352517128,,,-60.0,True,0.0
06/13,2013,46.200472222222224,61.550666666666665,True,True,absent_recorded,negative,weak,0.4,low,morphology,vegetated non-saxaul community (not confident absence),Пологобугристые пески с высокой волнистой поверхностью / эфедрево-полынной растительностью,Пологобугристые пески с высокой волнистой поверхностью / эфедрево-полынной растительностью,True,0.05800000000000001,0.05800000000000001,0.004,0.004,0.016,0.016,0.007000000000000001,0.007000000000000001,0.02,0.02,0.006,0.006,0.001,0.001,0.55,0.37,0.04666666666666667,0.039200000000000006,6.233333333333333,4.58,1.7,2.7285714285714286,,,4.333333333333333,4.2,2.0,2.1,0.9433333333333334,0.986,0.29,0.25799999999999995,7.566666666666666,7.54,20.333333333333332,14.2,296.6666666666667,270.0,8.9,8.871428571428572,80.24,80.24,16.13,16.13,3.63,3.63,12.1,12.1,0.82,0.82,4,0.0,,0,0,75.0,2.0,0,0,0,0,,,,,,0.0,1.3813610076904297,0.0,0.0,,Water / NoData / Shadow,False,-0.1666261851787567,0.19350683689117432,2124.376953125,-0.21580439805984497,,,-60.0,True,0.0
07/13,2013,46.14347222222222,61.49341666666667,True,True,absent_recorded,negative,weak,0.4,low,morphology,vegetated non-saxaul community (not confident absence),Плоская поверхность спускающаяся к р. Сырдарье / эбелеково-полынной растительностью,Плоская поверхность спускающаяся к р. Сырдарье / эбелеково-полынной растительностью,True,0.189,0.189,0.054,0.054,0.052,0.052,0.043,0.043,0.017,0.017,0.013,0.013,0.002,0.002,0.39875,0.3530555555555555,0.045500000000000006,0.03966666666666667,5.358333333333334,5.383333333333334,2.6791666666666667,3.641304347826087,0.1,0.13333333333333333,5.239583333333333,5.631944444444445,2.84375,3.1875,1.1991666666666667,1.2361111111111112,0.3991666666666666,0.3583333333333333,9.679166666666667,10.419444444444444,9.083333333333334,8.444444444444445,450.0,427.22222222222223,8.4,8.530434782608696,71.27,71.27,25.1,25.1,3.64,3.64,19.43,19.43,1.81,1.81,5,0.0,,0,0,75.0,2.0,0,0,0,0,,,,,,0.0,0.40284237265586853,0.0,0.0,,Water / NoData / Shadow,False,-0.14721515774726868,0.17017056047916412,2313.520263671875,-0.20039036870002747,,,-60.0,True,0.0
07/14,2014,45.71069444444445,61.736222222222224,True,True,absent_recorded,exclude,,0.0,low,morphology,"floodplain/reed/chingil wetland, not candidate terrain",Плоская поверхность / тростниковая с чингилем,Плоская поверхность / тростниковая с чингилем,True,5.154,5.154,0.10300000000000001,0.10300000000000001,3.403,3.403,1.32,1.32,0.037,0.037,0.19,0.19,0.087,0.087,1.26,1.26,0.07280000000000002,0.07280000000000002,9.76,9.76,18.44,19.31111111111111,,,7.1,7.1,25.25,25.25,3.32,3.32,0.322,0.322,35.98,35.98,,,,,8.9,8.922222222222222,22.55,22.55,72.17999999999999,72.17999999999999,5.27,5.27,34.06,34.06,1.3,1.3,5,5.0,0.0,0,0,90.0,2.0,0,0,0,0,,,,,,0.0,0.6422827839851379,0.0,0.0,,Water / NoData / Shadow,False,0.0905289575457573,0.6414436101913452,759.5360717773438,-0.47803911566734314,,,-60.0,True,
08/13,2013,46.066750000000006,61.10333333333333,True,True,absent_recorded,negative,weak,0.4,low,morphology,vegetated non-saxaul community (not confident absence),"Выбитые, но закрепленные пески / полынно-осочковой с эбелеком и ирисом растительностью","Выбитые, но закрепленные пески / полынно-осочковой с эбелеком и ирисом растительностью",True,0.048,0.048,0.003,0.003,0.011,0.011,0.005,0.005,0.02,0.02,0.005,0.005,0.001,0.001,0.184,0.16999999999999998,0.05040000000000001,0.04666666666666667,2.14,2.1333333333333333,1.96,3.6384615384615384,,,3.0,3.0833333333333335,2.0,2.0,0.976,1.01,0.278,0.30666666666666664,6.26,6.4,7.8,7.0,270.0,286.6666666666667,8.96,8.823076923076924,83.9,83.9,11.67,11.67,4.43,4.43,8.85,8.85,0.58,0.58,4,0.0,,0,0,80.0,,0,0,0,0,,,,,,0.0,1.003322720527649,0.0,0.0,,Water / NoData / Shadow,False,-0.1374756395816803,0.19576337933540344,2467.955322265625,-0.20873786509037018,,,-60.0,True,0.0
08/14,2014,45.663666666666664,61.71058333333334,True,True,absent_recorded,negative,strong,1.0,low,morphology,"genuinely barren ground, no vegetation",Широкая депрессия / Такыр без растительности,Широкая депрессия / Такыр без растительности,True,0.43,0.43,0.027000000000000003,0.027000000000000003,0.161,0.161,0.095,0.095,0.11200000000000002,0.11200000000000002,0.01,0.01,0.012,0.012,0.30428571428571427,0.30428571428571427,0.033,0.033,5.678571428571429,5.678571428571429,3.7142857142857144,3.7142857142857144,,,12.035714285714286,12.035714285714286,3.1607142857142856,3.1607142857142856,25.071428571428573,25.071428571428573,0.2664285714285714,0.2664285714285714,40.521428571428565,40.521428571428565,,,,,8.7125,8.355882352941178,20.85,20.85,35.47,35.47,43.7,43.7,54.11999999999999,54.11999999999999,2.9,2.9,4,,14.0,0,0,40.0,,1,0,0,0,,,,,,0.0,8.32680892944336,0.0,0.0,,Water / NoData / Shadow,False,0.000958037911914289,0.05703926086425781,4087.060791015625,-0.0898091197013855,,,-60.0,True,0.0
09/13,2013,46.15313888888889,61.254,True,True,absent_recorded,negative,weak,0.4,low,morphology,vegetated non-saxaul community (not confident absence),Бугристые пески / джузгуновая с караганой,Бугристые пески / джузгуновая с караганой,True,0.031,0.031,0.003,0.003,0.002,0.002,0.003,0.003,0.017,0.017,0.003,0.003,0.001,0.001,0.08000000000000002,0.08000000000000002,0.018000000000000002,0.0144,2.6,2.6,,,,,1.5,1.5,1.5833333333333333,1.75,0.9299999999999999,0.9540000000000001,0.06333333333333332,0.066,4.1,4.3,8.666666666666666,6.4,76.66666666666667,82.0,9.266666666666667,9.314285714285715,85.55000000000001,85.55000000000001,12.84,12.84,1.61,1.61,4.82,4.82,0.32,0.32,4,0.0,,0,0,100.0,,0,0,0,0,,,,,,0.0,0.5419090986251831,0.0,0.0,,Water / NoData / Shadow,False,-0.10918217897415161,0.17302851378917694,2682.432861328125,-0.19149531424045563,,,-60.0,True,0.0
09/14,2014,45.60908333333334,61.77733333333333,True,True,absent_recorded,exclude,,0.0,low,morphology,"agriculture/ploughed land, not candidate terrain",Рисовое поле,Рисовое поле,True,0.547,0.547,0.02,0.02,0.347,0.347,0.047,0.047,0.017,0.017,0.086,0.086,0.017,0.017,0.5414285714285715,0.4515789473684211,0.047,0.042,6.935714285714285,6.189473684210526,14.978571428571428,15.133333333333333,,,8.535714285714286,7.5394736842105265,2.857142857142857,2.763157894736842,0.4407142857142857,0.3826315789473684,0.12357142857142857,0.12000000000000001,11.978571428571428,10.826315789473684,14.571428571428571,14.571428571428571,169.28571428571428,169.28571428571428,8.614285714285714,8.775,62.16,62.16,29.38,29.38,8.45,8.45,20.53,20.53,0.6,0.6,5,0.0,,0,0,110.0,2.0,0,0,0,1,,,,,,0.0,0.44379276037216187,0.0,0.0,,Water / NoData / Shadow,False,0.013349332846701145,0.5186131596565247,1242.859619140625,-0.4405117332935333,,,-60.0,True,
10А/12,2012,46.029694444444445,60.93655555555555,True,True,absent_recorded,negative,weak,0.4,low,morphology,vegetated non-saxaul community (not confident absence),"Плоская поверхность / редкими кустиками карабарака, кермека, тамарикса","Плоская поверхность / редкими кустиками карабарака, кермека, тамарикса",True,14.839,14.839,5.796,5.796,3.906,3.906,3.5,3.5,0.027,0.027,0.882,0.882,0.536,0.536,0.9900000000000001,0.9900000000000001,0.07363636363636364,0.07363636363636364,7.509090909090909,7.509090909090909,,,,,9.795454545454545,9.795454545454545,25.772727272727273,25.772727272727273,1.2054545454545453,1.2054545454545453,0.6581818181818182,0.6581818181818182,37.47272727272727,37.47272727272727,22.90909090909091,22.90909090909091,1345.4545454545455,1345.4545454545455,8.78,8.688461538461539,18.63,18.63,66.72,66.72,14.65,14.65,24.0,24.0,1.68,1.68,6,12.0,0.0,1,1,100.0,2.0,1,0,0,0,,,,,,0.0,0.33227279782295227,0.0,0.0,,Water / NoData / Shadow,False,-0.06843769550323486,0.0947737917304039,2852.92578125,-0.1090361475944519,,,-60.0,True,0.0
11/13,2013,46.141194444444444,61.42091666666666,True,True,absent_recorded,negative,weak,0.4,low,morphology,vegetated non-saxaul community (not confident absence),"Склон увала, неогеновые глины / полынная с солянками и эфемерами","Склон увала, неогеновые глины / полынная с солянками и эфемерами",True,0.05,0.05,0.003,0.003,0.012,0.012,0.008,0.008,0.02,0.02,0.003,0.003,0.001,0.001,0.14777777777777779,0.14777777777777779,0.028,0.028,3.0925925925925926,3.0925925925925926,1.0,1.0,0.3,0.3,5.796296296296297,5.796296296296297,3.314814814814815,3.314814814814815,1.2837037037037038,1.2837037037037038,0.1796296296296296,0.1796296296296296,10.54814814814815,10.54814814814815,79.62962962962963,79.62962962962963,615.1851851851852,615.1851851851852,8.185185185185185,8.185185185185185,77.24000000000001,77.24000000000001,15.45,15.45,7.32,7.32,16.67,16.67,1.6200000000000003,1.6200000000000003,3,0.0,17.0,0,0,75.0,2.0,0,0,0,0,,,,,,0.0,2.55816912651062,0.0,0.0,,Water / NoData / Shadow,False,-0.12345406413078308,0.16224037110805511,2676.20068359375,-0.15076833963394165,,,-60.0,True,0.0
11/14,2014,45.569027777777784,61.75944444444445,True,True,absent_recorded,exclude,,0.0,low,morphology,"agriculture/ploughed land, not candidate terrain",Действующий рисовой массив / поле засорено тростником,Действующий рисовой массив / поле засорено тростником,True,0.791,0.791,0.049,0.049,0.495,0.495,0.10700000000000001,0.10700000000000001,0.024,0.024,0.048,0.048,0.05800000000000001,0.05800000000000001,0.5933333333333335,0.5125000000000001,0.037333333333333336,0.035,9.2,8.3,20.633333333333333,21.66,,,13.083333333333334,12.375,7.166666666666667,6.625,0.20666666666666667,0.4175,0.2833333333333333,0.2725,20.766666666666666,19.7,15.666666666666666,15.666666666666666,430.0,372.5,,,24.19,24.19,54.33,54.33,21.49,21.49,52.3,52.3,1.3,1.3,5,0.0,,1,1,110.0,2.0,0,0,0,1,,,,,,0.0,0.26605820655822754,0.0,0.0,,Water / NoData / Shadow,False,0.40915635228157043,0.6926414370536804,714.5684204101562,-0.4356116056442261,,,-60.0,True,
11А/12,2012,46.05777777777777,60.902944444444444,True,True,absent_recorded,exclude,,0.0,low,morphology,"floodplain/reed/chingil wetland, not candidate terrain","Ровная морская поверхность / кустарниковой растительностью (в основном - тамарикс, солянки, тростник)","Ровная морская поверхность / кустарниковой растительностью (в основном - тамарикс, солянки, тростник)",True,1.455,1.455,0.052000000000000005,0.052000000000000005,0.952,0.952,0.065,0.065,0.027000000000000003,0.027000000000000003,0.294,0.294,0.045,0.045,0.764,0.764,0.086,0.086,5.26,5.26,,,,,7.8,7.8,8.8,8.8,0.768,0.768,0.598,0.598,17.96,17.96,22.8,22.8,600.0,600.0,8.255172413793103,8.363636363636363,7.95,7.95,79.36,79.36,12.68,12.68,60.96,60.96,2.22,2.22,6,36.0,,1,1,85.0,2.0,1,1,0,0,,,,,,0.0,0.41848206520080566,0.0,0.0,,Water / NoData / Shadow,False,-0.09393799304962158,0.14503012597560883,2741.579833984375,-0.15755246579647064,,,-60.0,True,
12/13,2013,46.15247222222222,61.62083333333334,True,True,absent_recorded,negative,weak,0.4,low,morphology,vegetated non-saxaul community (not confident absence),Высокий берег оз. Камыш-Лобаш / биюргуновой растительностью,Высокий берег оз. Камыш-Лобаш / биюргуновой растительностью,True,0.071,0.071,,,0.019,0.019,0.011,0.011,0.032,0.032,0.006,0.006,0.001,0.001,0.17956521739130435,0.18200000000000002,0.026173913043478266,0.022000000000000002,4.9173913043478255,5.22,5.1695652173913045,3.881818181818182,,1.7,5.3478260869565215,5.0,2.630434782608696,2.5,2.9117391304347824,3.047142857142857,0.17478260869565215,0.14285714285714282,11.069565217391304,10.685714285714285,13.173913043478262,10.714285714285714,368.69565217391306,274.2857142857143,9.386956521739132,9.027272727272727,31.74,31.74,48.650000000000006,48.650000000000006,19.62,19.62,47.41,47.41,2.14,2.14,6,0.0,18.0,0,0,80.0,2.0,0,0,1,0,,,,,,0.0,0.4426620304584503,0.0,0.0,,Water / NoData / Shadow,False,-0.06367041170597076,0.127777099609375,202.44505310058594,0.1803278625011444,,,-60.0,True,0.0
12/14,2014,45.52616666666667,61.75525,True,True,sparse_suppressed,positive,weak,0.6,low,narrative,natural sparse/suppressed saxaul at pit (marginal but supports it),Поверхность отакырена / мелкокустарниковые солянки,"Растительность мелкокустарниковые солянки, кое-где сохранились кусты саксаула.",True,0.311,0.311,0.059,0.059,0.132,0.132,0.028000000000000004,0.028000000000000004,0.02,0.02,0.048,0.048,0.009,0.009,0.8059999999999999,0.7014285714285714,0.039200000000000006,0.036000000000000004,12.34,11.414285714285715,15.9,19.744444444444444,,,11.15,11.15,4.7,4.7,0.154,0.154,0.3,0.3,16.3,16.3,23.333333333333332,23.333333333333332,436.0,436.0,,,64.97,64.97,26.18,26.18,8.86,8.86,24.56,24.56,0.6,0.6,5,5.0,5.0,1,0,90.0,2.0,1,0,0,0,,,,,,0.0,0.358613520860672,0.0,0.0,,Water / NoData / Shadow,False,-0.06269993633031845,0.25559893250465393,1753.627685546875,-0.2295425981283188,,,-60.0,True,1.0
12А/12,2012,46.02941666666666,60.77802777777778,True,True,absent_recorded,negative,weak,0.4,low,morphology,vegetated non-saxaul community (not confident absence),"Плоская поверхность обсохшего дна моря / изреженной солянковой растительностью (единичные солянки, тамарикс)","Плоская поверхность обсохшего дна моря / изреженной солянковой растительностью (единичные солянки, тамарикс)",True,10.67,10.67,3.7950000000000004,3.7950000000000004,3.167,3.167,2.68,2.68,0.032,0.032,0.49000000000000005,0.49000000000000005,0.343,0.343,1.036,1.036,0.098,0.098,6.06,6.06,,,,,10.0,10.0,18.0,18.0,1.0,1.0,0.804,0.804,29.8,29.8,17.4,17.4,1480.0,1480.0,8.68,8.927272727272728,28.22,28.22,59.81999999999999,59.81999999999999,11.96,11.96,27.23,27.23,3.04,3.04,6,5.0,,1,1,90.0,2.0,1,1,0,0,,,,,,0.0,0.32066628336906433,0.0,0.0,,Water / NoData / Shadow,False,-0.0737260952591896,0.08423900604248047,3274.815185546875,-0.09944896399974823,,,-60.0,True,0.0
13/13,2013,46.1625,61.622305555555556,True,True,planted_failed,negative,strong,1.0,high,narrative,documented plantation failure (gold negative),"Плоская высокая поверхность / распаханная грядка, без растительности","Сажали саксаул, ничего прижилось.",True,1.004,1.004,0.004,0.004,0.69,0.69,0.007000000000000001,0.007000000000000001,0.015,0.015,0.276,0.276,0.006,0.006,0.275,0.2533333333333333,0.042,0.03266666666666667,4.1,5.633333333333334,1.3,1.3,,7.95,18.75,17.6,2.25,2.1666666666666665,1.0899999999999999,1.6766666666666665,0.10999999999999999,0.08333333333333331,22.25,21.533333333333335,7.5,6.0,195.0,253.33333333333334,7.95,7.8,77.50999999999999,77.50999999999999,10.83,10.83,11.66,11.66,17.91,17.91,3.94,3.94,4,0.0,0.0,0,0,85.0,,0,0,0,1,,,,,,0.0,1.832099437713623,0.0,0.0,,Water / NoData / Shadow,False,-0.11191099137067795,0.1291927695274353,2756.25390625,-0.16647563874721527,,,-60.0,True,0.0
13А/12,2012,46.01488888888889,60.739333333333335,True,True,absent_recorded,negative,weak,0.4,low,morphology,vegetated non-saxaul community (not confident absence),"Плоская поверхность / солянковой растительностью, в отдалении редкие кусты тамарикса","Плоская поверхность / солянковой растительностью, в отдалении редкие кусты тамарикса",True,1.985,1.985,0.168,0.168,1.209,1.209,0.167,0.167,0.02,0.02,0.294,0.294,0.089,0.089,0.73,0.73,0.07,0.07,6.0,6.0,,,,,16.0,16.0,2.5,2.5,0.86,0.86,0.95,0.95,20.3,20.3,11.0,11.0,1020.0,1020.0,8.6,8.6,35.91,35.91,57.06,57.06,7.029999999999999,7.029999999999999,31.01,31.01,3.2599999999999993,3.2599999999999993,1,12.0,,1,1,85.0,2.0,1,1,0,0,,,,,,0.0,0.2948623597621918,0.0,0.0,,Water / NoData / Shadow,False,-0.06740355491638184,0.08063279837369919,3405.729248046875,-0.08991894870996475,,,-60.0,True,0.0
14/13,2013,46.209694444444445,61.62972222222222,True,True,sparse_suppressed,positive,weak,0.6,medium,narrative,natural sparse/suppressed saxaul at pit (marginal but supports it),Высокие волнистые однородные поверхности / полынно-эбелековой растительностью,Разрез заложен под полынно-эбелековой с редкими кустиками саксаула растительностью.,True,0.046,0.046,0.001,0.001,0.016,0.016,0.004,0.004,0.015,0.015,0.003,0.003,0.002,0.002,0.3888888888888889,0.3888888888888889,0.04822222222222223,0.04822222222222223,4.699999999999999,4.699999999999999,,,,,3.638888888888889,3.638888888888889,2.361111111111111,2.361111111111111,0.9066666666666667,0.9066666666666667,0.4122222222222222,0.4122222222222222,7.288888888888888,7.288888888888888,33.0,33.0,360.0,360.0,8.566666666666666,8.566666666666666,86.28,86.28,8.469999999999999,8.469999999999999,5.24,5.24,10.09,10.09,0.84,0.84,3,0.0,,0,0,85.0,2.0,0,0,0,0,,,,,,0.0,0.5695957541465759,0.0,0.0,,Water / NoData / Shadow,False,-0.13982179760932922,0.1774042546749115,2357.777587890625,-0.2046072632074356,,,-60.0,True,1.0
14/14,2014,45.654805555555555,61.81705555555556,True,True,absent_recorded,exclude,,0.0,low,morphology,"agriculture/ploughed land, not candidate terrain",Рисовое поле / тростник,Рисовое поле / тростник,True,0.891,0.891,0.042,0.042,0.595,0.595,0.095,0.095,0.017,0.017,0.048,0.048,0.087,0.087,0.7707142857142857,0.6875,0.043000000000000003,0.042,10.457142857142857,9.55,17.82857142857143,18.86,,,8.053571428571429,7.4375,3.9285714285714284,3.5625,0.9721428571428571,0.8099999999999999,0.21,0.20250000000000004,13.192857142857141,12.025,21.428571428571427,21.333333333333332,185.0,183.33333333333334,,,33.9,33.9,57.239999999999995,57.239999999999995,8.87,8.87,30.22,30.22,0.7,0.7,5,0.0,,1,1,90.0,2.0,0,0,0,1,,,,,,0.0,0.3653823435306549,0.0,0.0,,Water / NoData / Shadow,False,-0.07827889919281006,0.20132721960544586,2304.517333984375,-0.18949657678604126,,,-60.0,True,
14А/12,2012,46.019416666666665,60.72980555555556,True,True,absent_recorded,negative,weak,0.4,low,morphology,vegetated non-saxaul community (not confident absence),Плоская поверхность / засохшей солянковой растительностью,Плоская поверхность / засохшей солянковой растительностью,True,7.714,7.714,2.691,2.691,2.456,2.456,1.6149999999999998,1.6149999999999998,0.029000000000000005,0.029000000000000005,0.343,0.343,0.44699999999999995,0.44699999999999995,0.7743333333333333,0.7743333333333333,0.06733333333333333,0.06733333333333333,5.1952380952380945,5.1952380952380945,,,,,10.775,10.775,12.083333333333334,12.083333333333334,0.9466666666666668,0.9466666666666668,0.621,0.621,24.446666666666665,24.446666666666665,6.566666666666666,6.566666666666666,1020.6666666666666,1020.6666666666666,8.78,8.934999999999999,36.77,36.77,50.43,50.43,12.809999999999999,12.809999999999999,17.21,17.21,0.06,0.06,5,5.0,,1,1,80.0,2.0,1,1,0,0,,,,,,0.0,0.4846765100955963,0.0,0.0,,Water / NoData / Shadow,False,-0.0718497484922409,0.067051462829113,3409.60107421875,-0.08156254142522812,,,-60.0,True,0.0
15/13,2013,46.24327777777778,61.75663888888889,True,True,absent_recorded,negative,weak,0.4,low,morphology,vegetated non-saxaul community (not confident absence),Волнистая высокая равнина / полынной растительностью,Волнистая высокая равнина / полынной растительностью,True,0.035,0.035,0.001,0.001,0.007,0.007,0.003,0.003,0.017,0.017,0.004,0.004,0.001,0.001,0.32166666666666666,0.2976470588235294,0.04783333333333334,0.03788235294117648,4.058333333333334,5.776470588235294,3.25,5.15,,0.65,5.541666666666667,5.676470588235294,2.5,2.5,0.8183333333333334,0.9041176470588236,0.23333333333333336,0.19117647058823528,9.116666666666667,9.288235294117648,6.25,5.294117647058823,251.66666666666666,201.1764705882353,8.683333333333334,8.85,81.0,81.0,14.55,14.55,4.45,4.45,12.13,12.13,1.08,1.08,5,0.0,,0,0,75.0,2.0,0,0,0,0,,,,,,0.0,0.6696416735649109,0.0,0.0,,Water / NoData / Shadow,False,-0.17369920015335083,0.17541593313217163,2023.70751953125,-0.19887323677539825,,,-60.0,True,0.0
15А/12,2012,46.02136111111111,60.699194444444444,True,True,absent_recorded,negative,weak,0.4,low,morphology,vegetated non-saxaul community (not confident absence),"Плоская поверхность / солянково-кустарниковой растительностью (тамарикс, рогоглавник)","Плоская поверхность / солянково-кустарниковой растительностью (тамарикс, рогоглавник)",True,1.779,1.779,0.255,0.255,0.973,0.973,0.213,0.213,0.017,0.017,0.294,0.294,0.03,0.03,0.9315384615384615,0.9315384615384615,0.08615384615384616,0.08615384615384616,6.638461538461538,6.638461538461538,,,,,10.173076923076923,10.173076923076923,7.961538461538462,7.961538461538462,1.1907692307692306,1.1907692307692306,0.693846153846154,0.693846153846154,20.00769230769231,20.00769230769231,10.153846153846153,10.153846153846153,823.0769230769231,823.0769230769231,8.76923076923077,8.978260869565217,45.330000000000005,45.330000000000005,48.52,48.52,6.150000000000001,6.150000000000001,23.100000000000005,23.100000000000005,2.44,2.44,5,16.0,16.0,1,1,85.0,2.0,1,1,0,0,,,,,,0.0,0.17485371232032776,0.0,0.0,,Water / NoData / Shadow,False,-0.08120448142290115,0.10292329639196396,3343.03271484375,-0.09510235488414764,,,-60.0,True,0.0
16/13,2013,46.24327777777778,61.75663888888889,True,True,absent_recorded,negative,weak,0.4,low,morphology,vegetated non-saxaul community (not confident absence),"Микропонижение, пятно биюргуна / биюргун","Микропонижение, пятно биюргуна / биюргун",True,0.08600000000000001,0.08600000000000001,,,0.024000000000000004,0.024000000000000004,0.018,0.018,0.037,0.037,0.004,0.004,0.001,0.001,0.35692307692307695,0.2966666666666667,0.042,0.03422222222222223,4.93076923076923,5.172222222222222,4.615384615384615,4.111111111111111,,0.4,6.538461538461538,6.388888888888889,2.826923076923077,2.8055555555555554,3.460769230769231,3.0938888888888894,0.10769230769230768,0.09166666666666666,12.938461538461537,12.372222222222222,11.0,9.055555555555555,202.30769230769232,168.33333333333334,8.646153846153847,8.661111111111111,78.06,78.06,19.51,19.51,2.43,2.43,19.84,19.84,1.22,1.22,4,0.0,0.0,0,0,85.0,2.0,0,0,1,0,,,,,,0.0,0.6696416735649109,0.0,0.0,,Water / NoData / Shadow,False,-0.17369920015335083,0.17541593313217163,2023.70751953125,-0.19887323677539825,,,-60.0,True,0.0
16/14,2014,45.693194444444444,61.8015,True,True,absent_recorded,exclude,,0.0,low,morphology,"floodplain/reed/chingil wetland, not candidate terrain","Песчаный прирусловый вал / терескен, чингиль, тал, эфемеры, тростник","Песчаный прирусловый вал / терескен, чингиль, тал, эфемеры, тростник",True,0.065,0.065,,,0.014,0.014,0.003,0.003,0.029,0.029,0.004,0.004,0.001,0.001,0.8235714285714286,0.7200000000000001,0.043000000000000003,0.039052631578947374,11.049999999999999,10.484210526315788,14.6,15.266666666666666,,,10.142857142857142,8.328947368421053,2.017857142857143,2.0789473684210527,0.1392857142857143,0.12105263157894736,0.47500000000000003,0.40263157894736845,12.792857142857143,10.952631578947368,,,,,,,,,,,,,,,,,5,8.0,18.0,0,0,90.0,,0,0,0,1,,,,,,0.0,0.25536903738975525,0.0,0.0,,Water / NoData / Shadow,False,-0.04962698742747307,0.4071260392665863,1349.856689453125,-0.34157508611679077,,,-60.0,True,
16А/12,2012,45.719722222222224,60.25405555555555,True,True,absent_recorded,negative,weak,0.4,low,morphology,vegetated non-saxaul community (not confident absence),Плоская поверхность / единичными мелкими солянками,Плоская поверхность / единичными мелкими солянками,True,5.516,5.516,1.277,1.277,2.494,2.494,1.038,1.038,0.024,0.024,0.24900000000000003,0.24900000000000003,0.328,0.328,0.3375,0.3375,0.024,0.024,9.92,9.92,,,,,6.85,6.85,16.885,16.885,1.0885000000000002,1.0885000000000002,0.38500000000000006,0.38500000000000006,25.185000000000002,25.185000000000002,8.6,8.6,780.0,780.0,9.12142857142857,9.059999999999999,40.53,40.53,49.49,49.49,9.98,9.98,28.639999999999997,28.639999999999997,1.4,1.4,5,11.0,5.0,1,1,90.0,2.0,1,1,0,0,-0.06539965,0.046963055,-0.10508923,-0.09778444,1.014871,0.40742114,0.6413145661354065,5.0,1.0,1.0,Candidate suitable,True,-0.009480469860136509,0.15720616281032562,2859.904541015625,-0.12975779175758362,0.012529144063591957,6.907755374908447,-60.0,True,0.0
17/13,2013,46.25958333333333,61.80172222222222,True,True,absent_recorded,negative,weak,0.4,low,morphology,vegetated non-saxaul community (not confident absence),Огромная депрессия с плоским дном / единичные биюргун и эфемеры,Огромная депрессия с плоским дном / единичные биюргун и эфемеры,True,0.10300000000000001,0.10300000000000001,0.008,0.008,0.02,0.02,0.024,0.024,0.044,0.044,0.004,0.004,0.001,0.001,0.515,0.48999999999999994,0.049,0.036000000000000004,6.775,10.357142857142858,3.8,3.7666666666666666,0.8,1.6666666666666667,23.825,20.97142857142857,3.9375,3.357142857142857,9.627500000000001,12.187142857142858,0.49000000000000005,0.3928571428571429,37.875,36.91428571428571,14.25,13.285714285714286,1062.5,980.0,8.625,8.38888888888889,20.16,20.16,43.11,43.11,36.73,36.73,70.08,70.08,1.64,1.64,5,0.0,0.0,0,0,80.0,,1,0,1,0,,,,,,0.0,0.3797816336154938,0.0,0.0,,Water / NoData / Shadow,False,-0.05397375673055649,0.1753278523683548,2587.030029296875,-0.16281193494796753,,,-60.0,True,0.0
17/14,2014,45.66752777777778,61.933527777777776,True,True,absent_recorded,exclude,,0.0,low,morphology,"floodplain/reed/chingil wetland, not candidate terrain","Пойма р. Сырдарья / чингилевый массив, злаки","Пойма р. Сырдарья / чингилевый массив, злаки",True,0.38099999999999995,0.38099999999999995,0.006,0.006,0.23500000000000001,0.23500000000000001,0.02,0.02,0.029,0.029,0.057,0.057,0.017,0.017,1.8018181818181818,1.5213513513513512,0.07954545454545456,0.0718918918918919,13.181818181818182,12.14864864864865,13.409090909090908,17.69148936170213,,,11.636363636363637,11.986486486486486,4.068181818181818,5.324324324324325,0.07045454545454546,0.17027027027027025,0.3381818181818182,0.31864864864864867,16.10909090909091,17.808108108108108,,,,,,,,,,,,,,,,,5,0.0,,1,0,100.0,2.0,0,0,0,0,,,,,,0.0,0.42500951886177063,0.0,0.0,,Water / NoData / Shadow,False,-0.0681251734495163,0.22553125023841858,2130.64599609375,-0.19157223403453827,,,-60.0,True,
17А/12,2012,45.72475,60.25933333333333,True,True,absent_recorded,negative,weak,0.4,low,morphology,vegetated non-saxaul community (not confident absence),"Плоская поверхность, широкая ложбина / солянковой растительностью","Плоская поверхность, широкая ложбина / солянковой растительностью",True,4.681,4.681,0.221,0.221,2.94,2.94,1.153,1.153,0.022,0.022,0.294,0.294,0.03,0.03,0.22523809523809527,0.22523809523809527,0.014761904761904763,0.014761904761904763,7.20952380952381,7.20952380952381,,,,,7.642857142857143,7.642857142857143,3.5,3.5,0.7319047619047618,0.7319047619047618,0.32142857142857145,0.32142857142857145,12.19047619047619,12.19047619047619,5.095238095238095,5.095238095238095,410.95238095238096,410.95238095238096,9.195238095238095,9.195238095238095,46.07,46.07,46.05,46.05,7.88,7.88,23.65,23.65,3.5799999999999996,3.5799999999999996,3,5.0,,1,0,90.0,2.0,1,1,0,0,-0.043478236,0.045381755,-0.090807796,-0.027268657,1.1360604,0.48416394,0.6522714495658875,5.0,4.0,4.0,Wet brine risk,True,-0.030882691964507103,0.08346296101808548,3358.09521484375,-0.08698461949825287,0.012529144063591957,6.907755374908447,-60.0,True,0.0
18/14,2014,45.69969444444444,61.59225,True,True,absent_recorded,negative,weak,0.4,low,morphology,vegetated non-saxaul community (not confident absence),Небольшой участок / однолетнесолянковые с тамариксом,Небольшой участок / однолетнесолянковые с тамариксом,True,1.825,1.825,0.127,0.127,1.13,1.13,0.179,0.179,0.032,0.032,0.238,0.238,0.087,0.087,1.6971428571428573,1.458421052631579,0.095,0.08473684210526317,9.957142857142857,9.494736842105263,9.128571428571428,13.450000000000001,,,11.607142857142858,11.31578947368421,14.214285714285714,14.68421052631579,1.6285714285714286,1.305263157894737,0.4435714285714285,0.37947368421052624,27.87857142857143,27.673684210526314,,,,,,,,,,,,,,,,,5,20.0,8.0,1,1,90.0,1.0,1,0,0,0,,,,,,0.0,0.4168890118598938,0.0,0.0,,Water / NoData / Shadow,False,-0.019138755276799202,0.4352259337902069,1218.1666259765625,-0.33383384346961975,,,-60.0,True,0.0
18А/12,2012,45.73072222222223,60.27125,True,True,absent_recorded,negative,weak,0.4,low,morphology,vegetated non-saxaul community (not confident absence),Плоская поверхность / единичные кустики солянок,Плоская поверхность / единичные кустики солянок,True,17.77,17.77,0.78,0.78,11.21,11.21,5.24,5.24,0.039,0.039,0.294,0.294,0.149,0.149,0.794,0.794,0.04,0.04,10.94,10.94,,,,,7.3,7.3,22.6,22.6,2.394,2.394,0.826,0.826,33.14,33.14,9.0,9.0,1104.0,1104.0,9.1,9.027272727272727,63.86999999999999,63.86999999999999,22.020000000000003,22.020000000000003,14.12,14.12,25.33,25.33,3.6800000000000006,3.6800000000000006,6,5.0,0.0,1,1,90.0,2.0,1,0,0,0,-0.08099086,0.05108635,-0.10664607,-0.080496326,1.0541815,0.43356574,0.591204822063446,5.0,1.0,1.0,Candidate suitable,True,-0.03075266256928444,0.12146830558776855,3077.563232421875,-0.11355512589216232,0.012529144063591957,6.907755374908447,-60.0,True,0.0
19/13,2013,46.3815,61.78086111111111,True,True,absent_recorded,negative,weak,0.4,low,morphology,vegetated non-saxaul community (not confident absence),Увалистые поверхности / полынная растительность,Увалистые поверхности / полынная растительность,True,0.06,0.06,0.001,0.001,0.018,0.018,0.006,0.006,0.024,0.024,0.006,0.006,0.002,0.002,0.31625,0.3026470588235294,0.030916666666666665,0.025941176470588235,6.0249999999999995,7.5470588235294125,3.445833333333333,2.652272727272727,,0.7,5.864583333333333,5.904411764705882,2.6041666666666665,2.5,2.4204166666666667,4.1850000000000005,0.13416666666666666,0.10352941176470587,10.991666666666667,12.670588235294119,8.958333333333334,8.088235294117647,634.1666666666666,497.6470588235294,9.308333333333332,8.963636363636363,79.08,79.08,15.690000000000001,15.690000000000001,5.23,5.23,14.080000000000002,14.080000000000002,0.58,0.58,5,5.0,14.0,0,0,80.0,,0,0,1,0,,,,,,0.0,1.3083860874176025,0.0,0.0,,Water / NoData / Shadow,False,-0.081431083381176,0.09102953970432281,3239.63525390625,-0.09540636092424393,,,-60.0,True,0.0
19/14,2014,45.684305555555554,61.61361111111111,True,True,absent_recorded,exclude,,0.0,low,morphology,"agriculture/ploughed land, not candidate terrain",Старая залежь,Старая залежь,True,0.558,0.558,0.011,0.011,0.352,0.352,0.082,0.082,0.027000000000000003,0.027000000000000003,0.067,0.067,0.012,0.012,2.23,2.035,0.126,0.119,10.366666666666667,9.925,8.6,11.0,,,13.166666666666666,13.166666666666666,6.016666666666667,6.016666666666667,0.13,0.13,0.36333333333333334,0.36333333333333334,19.666666666666668,19.666666666666668,121.33333333333333,121.33333333333333,410.0,410.0,,,,,,,,,,,,,4,0.0,0.0,1,0,90.0,2.0,0,0,0,1,,,,,,0.0,0.5452725291252136,0.0,0.0,,Water / NoData / Shadow,False,-0.1620279848575592,0.24700431525707245,1795.29638671875,-0.21377205848693848,,,-60.0,True,
19А/12,2012,45.71344444444445,60.293416666666666,True,True,absent_recorded,negative,weak,0.4,low,morphology,vegetated non-saxaul community (not confident absence),Плоская поверхность / редкие мелкие единичные кустики солянок,Плоская поверхность / редкие мелкие единичные кустики солянок,True,7.769,7.769,1.829,1.829,3.471,3.471,1.468,1.468,0.027,0.027,0.49,0.49,0.417,0.417,0.6257142857142857,0.6086666666666667,0.04428571428571428,0.043333333333333335,8.435714285714285,8.386666666666667,,,,,8.982142857142858,8.866666666666667,18.589285714285715,18.15,0.8121428571428572,0.7993333333333333,0.39499999999999996,0.39266666666666666,28.792857142857144,28.220000000000002,2.909090909090909,2.8333333333333335,845.7142857142857,836.0,9.185714285714285,9.1,21.77,21.77,71.67,71.67,6.55,6.55,20.48,20.48,2.34,2.34,5,0.0,0.0,1,1,75.0,2.0,1,0,0,0,-0.06430988,0.050084423,-0.10610549,-0.062626235,1.0915473,0.45269895,0.6708557605743408,5.0,1.0,1.0,Candidate suitable,True,-0.037597380578517914,0.09876947104930878,3297.555419921875,-0.10859669744968414,0.012529144063591957,6.907755374908447,-60.0,True,0.0
1А/12,2012,46.09297222222222,60.86783333333334,True,True,absent_recorded,negative,weak,0.4,low,morphology,vegetated non-saxaul community (not confident absence),"Плоская надпойменная равнина с небольшими песчаными бугорками / кустарниково-солянковой растительностью (селитрянка, солянка супротивнолистная, лебеда солончаковая, кермек Гмелина)","Плоская надпойменная равнина с небольшими песчаными бугорками / кустарниково-солянковой растительностью (селитрянка, солянка супротивнолистная, лебеда солончаковая, кермек Гмелина)",True,0.09300000000000001,0.09300000000000001,0.006000000000000001,0.006000000000000001,0.027,0.027,0.007,0.007,0.032,0.032,0.01,0.01,0.0030000000000000005,0.0030000000000000005,0.455,0.44125,0.02,0.0225,14.450000000000001,12.9125,,,,,5.4375,7.953125,1.7291666666666667,3.296875,0.6266666666666668,0.7375,0.37250000000000005,0.34187500000000004,8.183333333333334,12.3375,26.083333333333332,20.5625,330.0,312.5,8.616666666666665,8.633333333333335,84.36,84.36,10.43,10.43,5.22,5.22,8.43,8.43,0.28,0.28,5,12.0,28.0,1,0,80.0,2.0,0,0,0,0,,,,,,0.0,0.20656967163085938,0.0,0.0,,Water / NoData / Shadow,False,-0.0822179764509201,0.22785642743110657,1877.3297119140625,-0.2163742631673813,,,-60.0,True,0.0
20/13,2013,46.367416666666664,61.686249999999994,True,True,absent_recorded,negative,weak,0.4,low,morphology,vegetated non-saxaul community (not confident absence),"Слабоволнистая равнина / полынная, эбелек, эфемеры","Слабоволнистая равнина / полынная, эбелек, эфемеры",True,0.041,0.041,0.001,0.001,0.011,0.011,0.004,0.004,0.017,0.017,0.004,0.004,0.001,0.001,0.5108695652173914,0.4263157894736842,0.03286956521739131,0.03831578947368421,9.021739130434783,7.2368421052631575,3.1,2.6333333333333333,0.4,0.43333333333333335,3.75,3.8157894736842106,2.0,2.0657894736842106,0.9391304347826086,0.9710526315789473,0.29260869565217396,0.24947368421052632,7.0,7.105263157894737,18.52173913043478,14.105263157894736,222.17391304347825,248.94736842105263,8.839130434782609,8.954166666666667,87.51,87.51,8.47,8.47,4.03,4.03,11.29,11.29,0.76,0.76,5,0.0,,0,0,90.0,2.0,0,0,0,0,,,,,,0.0,0.5233364105224609,0.0,0.0,,Water / NoData / Shadow,False,-0.1704035848379135,0.20315390825271606,1921.2855224609375,-0.21946491301059723,,,-60.0,True,0.0
20А/12,2012,45.70897222222222,60.316861111111116,True,True,absent_recorded,negative,weak,0.4,low,morphology,vegetated non-saxaul community (not confident absence),"Бугристая плоская равнина, место старого городища / карабарак, солянки","Бугристая плоская равнина, место старого городища / карабарак, солянки",True,8.054,8.054,1.235,1.235,4.307,4.307,1.605,1.605,0.039,0.039,0.392,0.392,0.417,0.417,0.8309523809523809,0.8309523809523809,0.04,0.04,11.5,11.5,,,,,10.964285714285714,10.964285714285714,6.380952380952381,6.380952380952381,1.5980952380952382,1.5980952380952382,0.35380952380952385,0.35380952380952385,19.3,19.3,,,603.3333333333334,603.3333333333334,8.916666666666666,8.899999999999999,78.4,78.4,17.53,17.53,4.08,4.08,16.71,16.71,1.8400000000000003,1.8400000000000003,5,5.0,23.0,1,1,100.0,2.0,0,1,0,0,-0.07746232,0.04610492,-0.096666686,-0.026784407,1.150685,0.48513404,0.5935019254684448,5.0,1.0,1.0,Candidate suitable,True,-0.004755996633321047,0.122157983481884,3654.480224609375,-0.11528212577104568,0.012529144063591957,6.907755374908447,-60.0,True,0.0
21/13,2013,46.49675,61.62433333333333,True,True,absent_recorded,negative,weak,0.4,low,morphology,vegetated non-saxaul community (not confident absence),Высокие бугристые пески / эркеково-джузгуновой,Высокие бугристые пески / эркеково-джузгуновой,True,0.032,0.032,,,0.006,0.006,0.001,0.001,0.017,0.017,0.004,0.004,0.001,0.001,0.26473684210526316,0.25620689655172413,0.028,0.032827586206896554,5.494736842105263,4.7379310344827585,,0.8,,,2.0,2.1724137931034484,2.0,1.9137931034482758,0.9600000000000001,0.973793103448276,0.1831578947368421,0.23724137931034486,5.152631578947369,5.306896551724138,29.526315789473685,26.586206896551722,191.05263157894737,228.6206896551724,8.505263157894738,8.82857142857143,85.13,85.13,8.84,8.84,6.03,6.03,7.639999999999999,7.639999999999999,0.4600000000000001,0.4600000000000001,5,0.0,,0,0,90.0,,0,0,0,0,,,,,,0.0,0.5170861482620239,0.0,0.0,,Water / NoData / Shadow,False,-0.1554461568593979,0.24421676993370056,1966.9154052734375,-0.24877160787582397,,,-60.0,True,0.0
21/14,2014,45.63622222222222,61.61516666666667,True,True,absent_recorded,negative,weak,0.4,low,morphology,vegetated non-saxaul community (not confident absence),Увалисто-волнистая поверхность / осочково-полынная с эфемерами,Увалисто-волнистая поверхность / осочково-полынная с эфемерами,True,0.043,0.043,,,0.011,0.011,0.002,0.002,0.02,0.02,0.006,0.006,0.001,0.001,0.29703703703703704,0.2903030303030303,0.014,0.014,12.299999999999999,12.027272727272727,12.514814814814814,8.648837209302325,,,4.222222222222222,4.2272727272727275,1.6666666666666667,1.7272727272727273,0.19185185185185183,0.19515151515151513,0.2374074074074074,0.23606060606060608,6.314814814814815,6.384848484848485,17.764705882352942,24.608695652173914,330.3703703703704,357.57575757575756,,,,,,,,,,,,,5,5.0,,0,0,100.0,2.0,0,0,0,0,,,,,,0.0,1.5005147457122803,0.0,0.0,,Water / NoData / Shadow,False,-0.11212022602558136,0.1570710688829422,2711.941162109375,-0.18260368704795837,,,-60.0,True,0.0
22А/12,2012,45.697694444444444,60.42080555555555,True,True,absent_recorded,negative,weak,0.4,low,morphology,vegetated non-saxaul community (not confident absence),Плоская поверхность / лебедой солончаковой,Плоская поверхность / лебедой солончаковой,True,1.235,1.235,0.022000000000000002,0.022000000000000002,0.844,0.844,0.022000000000000002,0.022000000000000002,0.012000000000000002,0.012000000000000002,0.294,0.294,0.03,0.03,0.8135,0.8135,0.0605,0.0605,8.365,8.365,,,,,8.475,8.475,3.6125,3.6125,2.5789999999999997,2.5789999999999997,0.4455,0.4455,15.145,15.145,5.2,5.2,324.5,324.5,8.735,8.8675,69.63,69.63,18.74,18.74,11.75,11.75,20.76,20.76,1.24,1.24,5,12.0,42.0,1,1,80.0,2.0,1,1,0,0,-0.102550186,0.050492227,-0.10598463,-0.17072415,0.8762914,0.4011281,0.4161352217197418,5.0,1.0,1.0,Candidate suitable,True,-0.06944768130779266,0.06986413896083832,3201.662109375,-0.08727025240659714,0.012529144063591957,6.907755374908447,-60.0,True,0.0
23/14,2014,45.60194444444445,61.563027777777776,True,True,present_dominant,positive,strong,1.0,high,narrative,saxaul established at pit (present_dominant),Поверхность отакырена / эфемерово-саксауловой,Разрез на плоской поверхности под эфемерово-саксауловой растительностью.,True,0.073,0.073,0.001,0.001,0.009,0.009,0.007,0.007,0.041,0.041,0.006,0.006,0.001,0.001,1.2811764705882354,1.2811764705882354,0.07576470588235296,0.07576470588235296,9.88823529411765,9.88823529411765,15.8,15.8,,,7.852941176470588,7.852941176470588,2.1470588235294117,2.1470588235294117,0.26176470588235295,0.26176470588235295,0.44294117647058817,0.44294117647058817,10.7,10.7,6.9411764705882355,6.9411764705882355,430.5882352941176,430.5882352941176,,,,,,,,,,,,,2,,25.0,1,0,80.0,2.0,1,0,0,0,,,,,,0.0,0.9839329719543457,0.0,0.0,,Water / NoData / Shadow,False,-0.10255487263202667,0.1288275569677353,2626.65234375,-0.1616208702325821,,,-60.0,True,1.0
23А/12,2012,45.77761111111111,60.464555555555556,True,True,absent_recorded,negative,weak,0.4,low,morphology,vegetated non-saxaul community (not confident absence),Плоская поверхность / солянковой растительностью,Плоская поверхность / солянковой растительностью,True,2.027,2.027,0.2,0.2,1.186,1.186,0.23699999999999996,0.23699999999999996,0.015,0.015,0.319,0.319,0.045,0.045,0.1745833333333333,0.2551515151515151,0.05416666666666666,0.050303030303030294,2.0,3.227272727272727,,,,,8.354166666666666,7.848484848484849,3.6875,5.954545454545454,1.19125,1.207272727272727,0.42791666666666667,0.3548484848484848,13.645833333333334,15.351515151515152,3.1666666666666665,2.8484848484848486,459.1666666666667,513.939393939394,8.9375,8.99056603773585,43.83,43.83,40.71,40.71,15.47,15.47,27.68,27.68,1.74,1.74,6,7.0,,1,0,85.0,2.0,1,0,0,0,-0.1033395,0.053607255,-0.11675127,-0.17168307,0.8938401,0.4081149,0.28692254424095154,5.0,1.0,1.0,Candidate suitable,True,-0.03839166834950447,0.09973680227994919,3055.370361328125,-0.11282410472631454,0.012529144063591957,6.907755374908447,-60.0,True,0.0
24/13,2013,46.37130555555556,61.57161111111112,True,True,sparse_suppressed,positive,weak,0.6,low,narrative,natural sparse/suppressed saxaul at pit (marginal but supports it),"Высокие волнистые поверхности / полынная с пятнами биюргуна, саксаул, эфемеры","Растительность – полынная с пятнами биюргуна, единично – низкий саксаул (30-40 см), есть эфемеры (мортук).",True,0.087,0.087,0.001,0.001,0.019,0.019,0.01,0.01,0.039,0.039,0.005,0.005,0.001,0.001,0.532,0.4885714285714286,0.05040000000000001,0.044000000000000004,5.98,6.5285714285714285,5.3,3.7,,7.95,7.7,9.214285714285714,2.25,3.25,1.6280000000000001,2.7114285714285717,0.32800000000000007,0.2485714285714286,11.88,15.4,16.2,12.428571428571429,608.0,482.85714285714283,8.64,8.177777777777777,70.06,70.06,21.21,21.21,8.73,8.73,20.38,20.38,3.44,3.44,5,0.0,28.0,0,1,70.0,2.0,1,0,1,0,,,,,,0.0,0.1856212168931961,0.0,0.0,,Water / NoData / Shadow,False,-0.14923223853111267,0.17426058650016785,2265.56494140625,-0.19233356416225433,,,-60.0,True,1.0
24/14,2014,45.60194444444445,61.56366975961089,True,True,planted_failed,negative,strong,1.0,high,narrative,documented plantation failure (gold negative),Распаханный массив / посадка саксаула,"Посадка неудачно прижилась, меньше, чем на естественном участке, только землю испортили.",True,0.143,0.143,,,0.075,0.075,0.008,0.008,0.02,0.02,0.014000000000000002,0.014000000000000002,0.003,0.003,0.9508695652173912,0.8899999999999999,0.0645217391304348,0.05600000000000001,9.21304347826087,10.4,12.604347826086956,13.56,,,6.967391304347826,6.916666666666667,2.152173913043478,2.0,0.2708695652173913,0.25666666666666665,0.5169565217391304,0.45,9.917391304347825,9.633333333333333,7.217391304347826,6.0,330.4347826086956,300.0,,,,,,,,,,,,,5,40.0,,1,0,100.0,2.0,0,0,0,1,,,,,,0.0,0.7424871921539307,0.0,0.0,,Water / NoData / Shadow,False,-0.1075877696275711,0.15508586168289185,2548.005615234375,-0.1470160186290741,,,-60.0,True,0.0
24А/12,2012,45.78938888888889,60.4445,True,True,absent_recorded,negative,weak,0.4,low,morphology,vegetated non-saxaul community (not confident absence),Плоская поверхность / солянковой растительностью,Плоская поверхность / солянковой растительностью,True,7.701,7.701,1.463,1.463,3.701,3.701,1.713,1.713,0.024,0.024,0.49,0.49,0.209,0.209,0.9758333333333334,0.9758333333333334,0.06833333333333334,0.06833333333333334,8.391666666666667,8.391666666666667,,,,,7.791666666666667,7.791666666666667,13.375,13.375,1.5508333333333333,1.5508333333333333,0.9433333333333334,0.9433333333333334,23.666666666666668,23.666666666666668,2.0,2.0,1045.8333333333333,1045.8333333333333,9.016666666666667,9.009090909090908,27.53,27.53,36.84,36.84,35.63,35.63,57.49,57.49,1.2,1.2,5,4.0,0.0,1,0,85.0,2.0,1,1,0,0,-0.049864903,0.045405407,-0.10199428,-0.045137834,1.1211594,0.47339335,0.5122044682502747,5.0,4.0,4.0,Wet brine risk,True,-0.07684054970741272,0.09673338383436203,2584.208251953125,-0.12502042949199677,0.012529144063591957,6.907755374908447,-60.0,True,0.0
25/13,2013,46.321472222222226,61.490972222222226,True,True,absent_recorded,negative,weak,0.4,low,morphology,vegetated non-saxaul community (not confident absence),Равнинные пески / осочково-полынной с терескеном,Равнинные пески / осочково-полынной с терескеном,True,0.046,0.046,,,0.013000000000000001,0.013000000000000001,0.001,0.001,0.02,0.02,0.008,0.008,0.001,0.001,0.35666666666666663,0.27,0.024333333333333332,0.021799999999999996,9.033333333333333,7.22,,1.9,,,2.4166666666666665,2.15,2.3333333333333335,2.4,1.0333333333333334,1.0,0.17,0.14600000000000002,5.933333333333334,5.68,10.666666666666666,7.6,183.33333333333334,174.0,8.733333333333333,8.866666666666667,87.50999999999999,87.50999999999999,8.059999999999999,8.059999999999999,4.44,4.44,11.28,11.28,0.82,0.82,5,5.0,,0,0,100.0,,0,0,0,0,,,,,,0.0,0.2036096602678299,0.0,0.0,,Water / NoData / Shadow,False,-0.12281478196382523,0.2007870227098465,2366.648193359375,-0.22232501208782196,,,-60.0,True,0.0
26/13,2013,46.225861111111115,61.39,True,True,absent_recorded,negative,weak,0.4,low,morphology,vegetated non-saxaul community (not confident absence),Плоская равнина / биюргуновая,Плоская равнина / биюргуновая,True,0.094,0.094,0.006,0.006,0.019,0.019,0.02,0.02,0.041,0.041,0.004,0.004,0.001,0.001,0.3186666666666667,0.2902439024390244,0.05040000000000001,0.044731707317073176,3.6066666666666674,3.792682926829268,1.6733333333333333,3.7627450980392156,,1.6,2.9,4.121951219512195,2.3833333333333333,3.3902439024390243,4.413333333333333,4.207560975609756,0.17200000000000001,0.13853658536585367,9.853333333333332,11.853658536585366,32.06666666666667,32.21951219512195,388.0,370.4878048780488,9.546666666666665,8.87843137254902,70.69,70.69,24.42,24.42,4.9,4.9,25.32,25.32,2.04,2.04,6,4.0,0.0,1,1,75.0,2.0,1,0,1,0,,,,,,0.0,0.4428114891052246,0.0,0.0,,Water / NoData / Shadow,False,-0.13529911637306213,0.19251257181167603,2267.421142578125,-0.20412302017211914,,,-60.0,True,0.0
27/13,2013,46.225861111111115,61.39,True,True,absent_recorded,negative,weak,0.4,low,morphology,vegetated non-saxaul community (not confident absence),Плоская равнина / кейреуково-полынной,Плоская равнина / кейреуково-полынной,True,0.043,0.043,0.003,0.003,0.001,0.001,0.002,0.002,0.027000000000000003,0.027000000000000003,0.006,0.006,0.001,0.001,0.468235294117647,0.4114285714285714,0.04447058823529412,0.036000000000000004,6.164705882352941,6.8,2.335294117647059,4.188888888888889,0.8,0.8333333333333334,2.588235294117647,4.285714285714286,3.1470588235294117,2.9285714285714284,0.7688235294117647,0.9957142857142858,0.29705882352941176,0.28428571428571425,6.823529411764706,8.514285714285714,31.764705882352942,28.285714285714285,313.52941176470586,418.57142857142856,8.86470588235294,8.61111111111111,78.53,78.53,19.85,19.85,1.6200000000000003,1.6200000000000003,8.1,8.1,1.26,1.26,5,0.0,40.0,0,0,80.0,2.0,0,0,1,0,,,,,,0.0,0.4428114891052246,0.0,0.0,,Water / NoData / Shadow,False,-0.13529911637306213,0.19251257181167603,2267.421142578125,-0.20412302017211914,,,-60.0,True,0.0
28/13,2013,46.21738888888889,61.27475,True,True,present_nearby,uncertain,,0.0,medium,narrative,ambiguous (present_nearby); excluded from training,Межбугровое пространство / полынной с эфемерами,"Есть песчаная акация, отдельные саксаульчики, курчава, изень.",True,0.049,0.049,,,0.014000000000000002,0.014000000000000002,0.001,0.001,0.022,0.022,0.008,0.008,0.002,0.002,0.41,0.27249999999999996,0.028000000000000004,0.0245,8.5,6.525,1.3,2.1333333333333333,,1.3333333333333333,3.0,4.9375,2.25,3.1875,0.6849999999999999,0.625,0.175,0.17250000000000001,6.1,8.925,32.0,26.0,185.0,282.5,8.65,8.56,95.57,95.57,3.22,3.22,1.21,1.21,2.42,2.42,0.8400000000000001,0.8400000000000001,5,26.0,,1,1,100.0,,0,1,0,0,,,,,,0.0,0.09940899163484573,0.0,0.0,,Water / NoData / Shadow,False,-0.1513059437274933,0.18625928461551666,2299.513427734375,-0.207398921251297,,,-60.0,True,
28/14,2014,45.79738888888889,61.70741666666667,True,True,absent_recorded,negative,weak,0.4,low,morphology,vegetated non-saxaul community (not confident absence),Плоская равнина / полынно-карабараковая,Плоская равнина / полынно-карабараковая,True,2.635,2.635,0.089,0.089,1.719,1.719,0.5,0.5,0.032,0.032,0.19,0.19,0.087,0.087,1.3192857142857142,1.3192857142857142,0.086,0.086,9.478571428571428,9.478571428571428,19.678571428571427,20.145833333333332,,,8.214285714285714,8.214285714285714,10.714285714285714,10.714285714285714,4.414285714285714,4.414285714285714,0.37285714285714283,0.37285714285714283,23.72142857142857,23.72142857142857,,,,,,,,,,,,,,,,,5,8.0,0.0,0,0,90.0,2.0,0,0,1,0,,,,,,0.0,0.6023720502853394,0.0,0.0,,Water / NoData / Shadow,False,-0.06145861744880676,0.21301402151584625,2157.216796875,-0.19972066581249237,,,-60.0,True,0.0
29/13,2013,46.176249999999996,61.25863888888889,True,True,present_nearby,uncertain,,0.0,medium,narrative,ambiguous (present_nearby); excluded from training,Равнинные пески / осочково-эбелековой,"Поверхность волнистая, на водоразделах кустарники, в основном саксаул, терескен, полынь.",True,0.042,0.042,,,0.008,0.008,0.001,0.001,0.022,0.022,0.006,0.006,0.001,0.001,0.25,0.25666666666666665,0.04025000000000001,0.03616666666666667,3.6875,4.325,4.0,3.6666666666666665,,,1.9375,2.375,1.6875,1.7083333333333333,0.9087500000000001,0.9258333333333333,0.16375,0.15916666666666668,4.7,5.166666666666667,28.5,27.0,165.0,173.33333333333334,8.9125,8.881818181818183,84.74000000000001,84.74000000000001,13.65,13.65,1.61,1.61,8.03,8.03,0.4,0.4,5,0.0,,0,0,95.0,,0,0,0,0,,,,,,0.0,0.490073561668396,0.0,0.0,,Water / NoData / Shadow,False,-0.1661926954984665,0.1953400820493698,2282.08984375,-0.2095709592103958,,,-60.0,True,
29/14,2014,45.72175,61.706583333333334,True,True,absent_recorded,negative,weak,0.4,low,morphology,vegetated non-saxaul community (not confident absence),Абсолютно плоская равнина / сарсазановая,Абсолютно плоская равнина / сарсазановая,True,3.759,3.759,0.838,0.838,1.656,1.656,0.895,0.895,0.012,0.012,0.286,0.286,0.058,0.058,0.8833333333333333,0.8833333333333333,0.03422222222222223,0.03422222222222223,14.922222222222224,14.922222222222224,15.821428571428571,16.6875,,,8.277777777777779,8.277777777777779,4.361111111111111,4.361111111111111,8.577777777777778,8.577777777777778,0.18,0.18,21.38888888888889,21.38888888888889,,,,,,,,,,,,,,,,,5,0.0,0.0,1,0,110.0,2.0,0,0,1,0,,,,,,0.0,0.42271459102630615,0.0,0.0,,Water / NoData / Shadow,False,-0.048471495509147644,0.2413627952337265,2169.635009765625,-0.2025756984949112,,,-60.0,True,0.0
2А/12,2012,46.08372222222223,60.86691666666667,True,True,absent_recorded,negative,weak,0.4,low,morphology,vegetated non-saxaul community (not confident absence),Плоская равнина / солянковой растительностью,Плоская равнина / солянковой растительностью,True,0.549,0.549,0.007,0.007,0.355,0.355,0.011000000000000001,0.011000000000000001,0.027,0.027,0.123,0.123,0.013,0.013,0.5438461538461539,0.5438461538461539,0.060000000000000005,0.060000000000000005,4.6692307692307695,4.6692307692307695,,,,,11.557692307692308,11.557692307692308,4.384615384615385,4.384615384615385,0.5915384615384616,0.5915384615384616,0.38153846153846155,0.38153846153846155,16.9,16.9,51.15384615384615,51.15384615384615,381.53846153846155,381.53846153846155,8.507692307692308,8.592857142857143,61.23,61.23,28.27,28.27,10.5,10.5,25.540000000000003,25.540000000000003,0.96,0.96,6,16.0,30.0,1,1,100.0,2.0,1,0,0,0,,,,,,0.0,0.4870700538158417,0.0,0.0,,Water / NoData / Shadow,False,-0.056655459105968475,0.20008447766304016,2426.998046875,-0.19382287561893463,,,-60.0,True,0.0
30/13,2013,46.08377777777778,61.16363888888889,True,True,absent_recorded,negative,weak,0.4,low,morphology,vegetated non-saxaul community (not confident absence),Высокие волнистые поверхности / осочково-полынной,Высокие волнистые поверхности / осочково-полынной,True,0.051,0.051,,,0.015,0.015,0.001,0.001,0.022,0.022,0.008,0.008,0.002,0.002,0.25461538461538463,0.22277777777777782,0.02584615384615385,0.022555555555555558,6.184615384615385,6.077777777777778,2.2714285714285714,3.1999999999999997,,0.55,2.9615384615384617,3.1805555555555554,2.1538461538461537,2.111111111111111,0.9176923076923077,0.7127777777777777,0.16692307692307692,0.15944444444444444,6.199999999999999,6.172222222222222,26.0,26.833333333333332,171.53846153846155,162.77777777777777,8.86923076923077,8.839130434782609,91.12,91.12,4.44,4.44,4.44,4.44,8.47,8.47,0.82,0.82,6,2.0,,0,0,90.0,,0,0,0,0,,,,,,0.0,0.4058292806148529,0.0,0.0,,Water / NoData / Shadow,False,-0.15564346313476562,0.17567425966262817,2216.3427734375,-0.18989546597003937,,,-60.0,True,0.0
30/14,2014,45.831611111111116,61.717777777777776,True,True,absent_recorded,exclude,,0.0,low,morphology,"floodplain/reed/chingil wetland, not candidate terrain",Огромная плоская депрессия / тростниковая,Огромная плоская депрессия / тростниковая,True,0.742,0.742,0.042,0.042,0.461,0.461,0.065,0.065,0.027000000000000003,0.027000000000000003,0.095,0.095,0.041,0.041,4.340000000000001,4.340000000000001,0.24500000000000002,0.24500000000000002,10.4,10.4,16.56923076923077,18.425,,,18.25,18.25,9.0,9.0,0.25,0.25,0.41,0.41,27.95,27.95,,,,,,,,,,,,,,,,,4,0.0,10.0,1,0,80.0,2.0,0,0,0,0,-0.1398916,0.08820067,-0.14805622,-0.2705382,0.77369004,0.31070688,0.6311154961585999,5.0,10.0,10.0,Existing vegetation,True,0.19058667123317719,0.6155015826225281,1093.5931396484375,-0.4852181077003479,,,-60.0,True,
32/14,2014,45.78322222222222,61.82222222222222,True,True,absent_recorded,negative,weak,0.4,low,morphology,vegetated non-saxaul community (not confident absence),Увалистый массив / осочково-полынной,Увалистый массив / осочково-полынной,True,0.041,0.041,0.001,0.001,0.013,0.013,0.002,0.002,0.015,0.015,0.006000000000000001,0.006000000000000001,0.001,0.001,0.34076923076923077,0.34076923076923077,0.014000000000000002,0.014000000000000002,14.084615384615384,14.084615384615384,2.276923076923077,3.134782608695652,,,3.3076923076923075,3.3076923076923075,2.076923076923077,2.076923076923077,0.28384615384615386,0.28384615384615386,0.1938461538461538,0.1938461538461538,5.861538461538462,5.861538461538462,,,,,,,,,,,,,,,,,5,6.0,,0,0,110.0,,0,0,0,0,-0.0822823,0.16570032,-0.24187256,-0.2969551,0.88795906,0.35934636,0.6225697994232178,5.0,10.0,10.0,Existing vegetation,True,-0.13824395835399628,0.16573601961135864,2387.5615234375,-0.18855656683444977,,,-60.0,True,0.0
33/14,2014,45.81388888888888,61.847972222222225,True,True,absent_recorded,negative,weak,0.4,low,morphology,vegetated non-saxaul community (not confident absence),Плоская поверхность / солянковая с кустарниками,Плоская поверхность / солянковая с кустарниками,True,2.926,2.926,0.008,0.008,1.964,1.964,0.68,0.68,0.041,0.041,0.19,0.19,0.029,0.029,1.7577777777777779,1.7577777777777779,0.12288888888888888,0.12288888888888888,8.52222222222222,8.52222222222222,10.930434782608696,14.258333333333333,,,9.75,9.75,4.25,4.25,9.566666666666668,9.566666666666668,0.37222222222222223,0.37222222222222223,23.944444444444443,23.944444444444443,,,,,,,,,,,,,,,,,6,2.0,8.0,1,1,100.0,2.0,0,0,0,0,,,,,,0.0,1.143052101135254,0.0,0.0,,Water / NoData / Shadow,False,-0.10165417939424515,0.13312631845474243,2479.855224609375,-0.11258973926305771,,,-60.0,True,0.0
34/14,2014,45.80422222222222,61.93469444444444,True,True,absent_recorded,exclude,,0.0,low,morphology,"agriculture/ploughed land, not candidate terrain",Рисовое поле,Рисовое поле,True,0.657,0.657,0.039,0.039,0.398,0.398,0.065,0.065,0.027000000000000003,0.027000000000000003,0.086,0.086,0.029000000000000005,0.029000000000000005,2.4166666666666665,2.0025,0.11666666666666667,0.0945,11.866666666666667,12.825,3.8,7.68,,,16.5,13.875,5.583333333333333,4.875,0.3333333333333333,0.3125,0.38333333333333336,0.315,22.8,19.375,40.0,31.75,293.3333333333333,250.0,,,,,,,,,,,,,5,0.0,,1,0,100.0,2.0,0,0,0,1,,,,,,0.0,0.3600882291793823,0.0,0.0,,Water / NoData / Shadow,False,0.16928188502788544,0.7375760078430176,641.36181640625,-0.5373786687850952,,,-60.0,True,
35/14,2014,45.79880555555555,61.56722222222223,True,True,absent_recorded,negative,weak,0.4,low,morphology,vegetated non-saxaul community (not confident absence),Сильно нарушенная территория,Сильно нарушенная территория,True,1.516,1.516,0.006000000000000001,0.006000000000000001,1.07,1.07,0.017,0.017,0.024000000000000004,0.024000000000000004,0.286,0.286,0.08700000000000001,0.08700000000000001,1.2584615384615385,1.2584615384615385,0.07430769230769231,0.07430769230769231,9.584615384615384,9.584615384615384,6.923076923076923,5.434782608695652,,,15.673076923076923,15.673076923076923,6.846153846153846,6.846153846153846,0.9792307692307692,0.9792307692307692,0.33615384615384614,0.33615384615384614,23.799999999999997,23.799999999999997,,,,,,,,,,,,,,,,,5,,6.0,0,0,70.0,1.0,0,0,0,0,-0.030196412,0.17555083,-0.2347891,-0.21830314,1.0353677,0.30959487,0.4918154776096344,5.0,10.0,10.0,Existing vegetation,True,-0.1027340516448021,0.16710692644119263,2247.688232421875,-0.16368195414543152,,,-60.0,True,0.0
37/14,2014,45.84022222222222,61.56077777777777,True,True,absent_recorded,exclude,,0.0,low,morphology,"floodplain/reed/chingil wetland, not candidate terrain",Депрессия / низкий тростник,Депрессия / низкий тростник,True,4.007,4.007,0.724,0.724,2.04,2.04,0.73,0.73,0.02,0.02,0.238,0.238,0.231,0.231,1.053448275862069,1.053448275862069,0.038137931034482764,0.038137931034482764,17.013793103448275,17.013793103448275,7.817241379310344,5.606122448979591,,,10.672413793103448,10.672413793103448,16.655172413793103,16.655172413793103,1.2827586206896553,1.2827586206896553,0.29137931034482756,0.29137931034482756,28.910344827586208,28.910344827586208,,,,,,,,,,,,,,,,,5,0.0,0.0,1,1,110.0,2.0,0,0,0,0,0.33514616,0.44411764,-0.4515891,0.11578944,3.340136,0.05296461,0.25531134009361267,7.0,0.0,0.0,Water / NoData / Shadow,True,-0.12711864709854126,-0.6357287168502808,163.92376708984375,0.45502644777297974,,,-60.0,True,
3А/12,2012,46.08502777777778,60.86188888888889,True,True,absent_recorded,negative,weak,0.4,low,morphology,vegetated non-saxaul community (not confident absence),Плоская поверхность / кустарниковой растительностью (селитрянка) с редкими солянками,Плоская поверхность / кустарниковой растительностью (селитрянка) с редкими солянками,True,5.681,5.681,1.332,1.332,2.468,2.468,1.283,1.283,0.027,0.027,0.294,0.294,0.209,0.209,0.8108333333333334,0.7846153846153846,0.07666666666666667,0.07538461538461538,5.916666666666667,5.838461538461539,,,,,11.25,11.134615384615385,7.458333333333333,7.980769230769231,0.7241666666666667,0.7338461538461539,0.5958333333333333,0.6046153846153846,20.05,20.476923076923075,14.166666666666666,13.538461538461538,810.8333333333334,788.4615384615385,8.9,8.921739130434782,35.56,35.56,53.49999999999999,53.49999999999999,10.94,10.94,29.179999999999996,29.179999999999996,1.3,1.3,5,6.0,40.0,1,1,100.0,2.0,1,1,0,0,,,,,,0.0,0.3353109359741211,0.0,0.0,,Water / NoData / Shadow,False,-0.08401934057474136,0.12152542918920517,2563.3154296875,-0.13357050716876984,,,-60.0,True,0.0
4А/12,2012,46.06888888888889,60.934666666666665,True,True,present,positive,strong,1.0,medium,narrative,saxaul established at pit (present),Плоская поверхность / кустарниково-солянковой растительностью,"Разрез заложен на плоской поверхности под кустарниково-солянковой растительностью (кустарники – тамарикс, саксаул, селитрянка; растительность – солянка супротиволистная, лебеда солончаковая и др.",True,0.165,0.165,0.011,0.011,0.059,0.059,0.013000000000000001,0.013000000000000001,0.046,0.046,0.016,0.016,0.007000000000000001,0.007000000000000001,0.73,0.7157142857142857,0.06833333333333334,0.060000000000000005,6.229166666666667,7.2,,,,,6.75,6.535714285714286,3.9791666666666665,6.392857142857143,1.2041666666666666,1.3171428571428572,0.6649999999999999,0.5128571428571428,12.629166666666668,14.771428571428572,32.333333333333336,23.428571428571427,627.0833333333334,471.42857142857144,8.691666666666668,8.688888888888888,62.56,62.56,28.579999999999995,28.579999999999995,8.86,8.86,25.76,25.76,0.64,0.64,5,20.0,54.0,1,1,95.0,2.0,0,0,0,0,,,,,,0.0,0.29502880573272705,0.0,0.0,,Water / NoData / Shadow,False,-0.11795900762081146,0.2654866874217987,1802.115478515625,-0.24022571742534637,,,-60.0,True,1.0
5А/12,2012,46.08605555555556,60.95527777777778,True,True,absent_recorded,negative,weak,0.4,low,morphology,vegetated non-saxaul community (not confident absence),Плоская поверхность / кустарниково-солянковой растительностью,Плоская поверхность / кустарниково-солянковой растительностью,True,1.7250000000000003,1.7250000000000003,0.221,0.221,0.955,0.955,0.137,0.137,0.022000000000000002,0.022000000000000002,0.314,0.314,0.051,0.051,0.7815384615384617,0.7815384615384617,0.06692307692307692,0.06692307692307692,6.06923076923077,6.06923076923077,,,,,10.23076923076923,10.23076923076923,1.7884615384615385,1.7884615384615385,0.8961538461538461,0.8961538461538461,0.2876923076923077,0.2876923076923077,13.223076923076924,13.223076923076924,7.461538461538462,7.461538461538462,392.3076923076923,392.3076923076923,8.676923076923076,8.795652173913044,39.86,39.86,55.63999999999999,55.63999999999999,4.5,4.5,22.91,22.91,2.24,2.24,5,,32.0,1,0,90.0,2.0,1,0,0,0,,,,,,0.0,1.698225498199463,0.0,0.0,,Water / NoData / Shadow,False,-0.06898203492164612,0.11910150200128555,2838.427734375,-0.132740780711174,,,-60.0,True,0.0
6А/12,2012,46.034388888888884,61.03402777777777,True,True,absent_recorded,negative,weak,0.4,low,morphology,vegetated non-saxaul community (not confident absence),Плоская поверхность / солянково-кустарниковой растительностью,Плоская поверхность / солянково-кустарниковой растительностью,True,1.301,1.301,0.014,0.014,0.88,0.88,0.031,0.031,0.027,0.027,0.294,0.294,0.03,0.03,2.8015,2.8015,0.1775,0.1775,9.115,9.115,,,,,18.875,18.875,3.6125,3.6125,0.724,0.724,0.5700000000000001,0.5700000000000001,23.765,23.765,30.9,30.9,719.0,719.0,8.224,8.4525,37.53,37.53,50.06,50.06,12.42,12.42,33.95,33.95,3.3800000000000003,3.3800000000000003,5,20.0,20.0,1,0,75.0,2.0,1,0,0,0,,,,,,0.0,0.22433775663375854,0.0,0.0,,Water / NoData / Shadow,False,-0.05688030645251274,0.08435159921646118,3264.529296875,-0.09508373588323593,,,-60.0,True,0.0
7А/12,2012,46.03138888888889,61.01616666666666,True,True,absent_recorded,negative,weak,0.4,low,morphology,vegetated non-saxaul community (not confident absence),Плоская поверхность / солянковой растительностью с единичными кустами селитрянки,Плоская поверхность / солянковой растительностью с единичными кустами селитрянки,True,1.559,1.559,0.030000000000000002,0.030000000000000002,1.045,1.045,0.069,0.069,0.037,0.037,0.294,0.294,0.060000000000000005,0.060000000000000005,3.440344827586207,3.440344827586207,0.1810344827586207,0.14487179487179488,7.637931034482759,7.637931034482759,,,,,15.120689655172415,12.076923076923077,3.3448275862068964,2.871794871794872,0.6175862068965517,0.5643589743589743,0.3455172413793104,0.28,19.427586206896557,15.805128205128208,7.586206896551724,7.586206896551724,390.3448275862069,303.0769230769231,8.155172413793103,8.438775510204081,11.32,11.32,80.66,80.66,8.03,8.03,23.62,23.62,0.32,0.32,5,30.0,,1,0,85.0,2.0,0,0,0,0,,,,,,0.0,0.38529279828071594,0.0,0.0,,Water / NoData / Shadow,False,-0.1003236249089241,0.5534813404083252,756.8784790039062,-0.4927353262901306,,,-60.0,True,0.0
8А/12,2012,46.01891666666666,60.989472222222226,True,True,sparse_suppressed,positive,weak,0.6,medium,both,natural sparse/suppressed saxaul at pit (marginal but supports it),"Рельеф – мелкобугристый / солянковой растительностью (карабарак, кустарники солелюбивые) с единичными экземплярами саксаула","Рельеф – мелкобугристый / солянковой растительностью (карабарак, кустарники солелюбивые) с единичными экземплярами саксаула",True,0.093,0.093,0.014,0.014,0.036,0.036,0.011,0.011,0.015,0.015,0.01,0.01,0.004,0.004,0.09181818181818181,0.09181818181818181,0.013478260869565217,0.013478260869565217,2.2545454545454544,2.2545454545454544,,,,,2.0869565217391304,2.0869565217391304,0.75,0.75,0.23956521739130435,0.23956521739130435,0.17130434782608694,0.17130434782608694,3.260869565217391,3.260869565217391,2.347826086956522,2.347826086956522,83.04347826086956,83.04347826086956,9.326086956521738,9.430232558139535,87.6,87.6,11.6,11.6,0.8,0.8,10.0,10.0,0.02,0.02,5,48.0,0.0,0,0,85.0,2.0,1,0,0,0,,,,,,0.0,0.49757474660873413,0.0,0.0,,Water / NoData / Shadow,False,-0.1156151220202446,0.1320706456899643,2634.741455078125,-0.17097100615501404,,,-60.0,True,1.0
9А/12,2012,46.03363888888889,60.946888888888886,True,True,absent_recorded,negative,weak,0.4,low,morphology,vegetated non-saxaul community (not confident absence),"Плоская поверхность морского дна / кустарниково-солянковой растительностью (карабарак, кермек, солянка супротивнолистная, тамарикс)","Плоская поверхность морского дна / кустарниково-солянковой растительностью (карабарак, кермек, солянка супротивнолистная, тамарикс)",True,3.647,3.647,1.083,1.083,1.337,1.337,0.614,0.614,0.022,0.022,0.417,0.417,0.119,0.119,0.7100000000000002,0.7100000000000002,0.07333333333333333,0.07333333333333333,5.766666666666667,5.766666666666667,,,,,10.666666666666666,10.666666666666666,7.5,7.5,0.5466666666666666,0.5466666666666666,0.49333333333333335,0.49333333333333335,19.166666666666668,19.166666666666668,11.333333333333334,11.333333333333334,940.0,940.0,8.833333333333334,8.833333333333334,8.719999999999999,8.719999999999999,79.05,79.05,12.23,12.23,28.119999999999997,28.119999999999997,1.8400000000000003,1.8400000000000003,2,25.0,0.0,1,1,100.0,2.0,1,0,0,0,,,,,,0.0,0.2986658215522766,0.0,0.0,,Water / NoData / Shadow,False,-0.049168895930051804,0.12052493542432785,2993.947998046875,-0.14213906228542328,,,-60.0,True,0.0
