pit_id,lat_dd,lon_dd,elevation_m,landform_vegetation,coord_source_file,coord_provenance,src_year,in_aoi,has_coordinates,soil_type,soil_class,soil_anthro_flag
01/13,46.12963888888889,61.552861111111106,71.0,"Волнистая равнина к северу от пос. Аманоткель / полынно-итсигековой растительностью (эфемеры, осочка)",morph_2013,surveyed,2013,True,True,"Солонец пустынный солончаковый тяжелосуглинистый, на песке",solonchak,0
01/14,45.756277777777775,61.54661111111111,36.0,Очень старая залежь,morph_2014_beloe,surveyed,2014,True,True,Такыровидная староорошаемая солончаковатая супесчаная на суглинке,solonchak,1
02/13,46.1435,61.55755555555555,70.0,Высокие видимые поверхности / полынной растительностью,morph_2013,surveyed,2013,True,True,Бурая пустынная среднесуглинистая на песке,brown_desert,0
02/14,45.71036111111111,61.558416666666666,40.6,Широкая останцовая поверхность / биюргуново-полынная,morph_2014_beloe,surveyed,2014,True,True,"Бурая пустынная,солонцеватая легкосуглинистая",brown_desert,0
03/14,,,,Болотная западина / тростниково-тамариксовая,morph_2014_beloe,missing,2014,False,False,Луговая обсыхающая среднесуглинистая,meadow,0
04/14,,,,Депрессия / высокий кустарник и угнетенный тростник,morph_2014_beloe,missing,2014,False,False,Солончак вторичный легкосуглинистый,solonchak,0
05/14,45.665305555555555,61.69419444444444,42.3,Широкая депрессия / биюргуновая,morph_2014_beloe,surveyed,2014,True,True,Солонец пустынный солончаковый среднесуглинистый,solonchak,0
06/13,46.200472222222224,61.550666666666665,72.0,Пологобугристые пески с высокой волнистой поверхностью / эфедрево-полынной растительностью,morph_2013,surveyed,2013,True,True,Песок пустынный равнинный закрепленный,sand,0
07/13,46.14347222222222,61.49341666666667,70.0,Плоская поверхность спускающаяся к р. Сырдарье / эбелеково-полынной растительностью,morph_2013,surveyed,2013,True,True,Бурая пустынная «легкая» на суглинке с 54 см,brown_desert,0
07/14,45.71069444444445,61.736222222222224,33.4,Плоская поверхность / тростниковая с чингилем,morph_2014_beloe,surveyed,2014,True,True,Солончак луговой тяжелосуглинистый,solonchak,0
08/13,46.066750000000006,61.10333333333333,65.0,"Выбитые, но закрепленные пески / полынно-осочковой с эбелеком и ирисом растительностью",morph_2013,surveyed,2013,True,True,Песок пустынный равнинный закрепленный сбитый,sand,0
08/14,45.663666666666664,61.71058333333334,40.3,Широкая депрессия / Такыр без растительности,morph_2014_beloe,surveyed,2014,True,True,Такыр солончаковый глинистый,solonchak,0
09/13,46.15313888888889,61.254,55.0,Бугристые пески / джузгуновая с караганой,morph_2013,surveyed,2013,True,True,Песок пустынный бугристый слабозакрепленный,sand,0
09/14,45.60908333333334,61.77733333333333,32.4,Рисовое поле,morph_2014_beloe,surveyed,2014,True,True,Рисово-луговая супесчаная на песке,meadow,1
10/13,,,,"Волнистые поверхности, водораздельная часть / полынная растительность",morph_2013,missing,2013,False,False,Бурая пустынная нормальная супесчаная почва на легком суглинке,brown_desert,0
10А/12,46.029694444444445,60.93655555555555,39.0,"Плоская поверхность / редкими кустиками карабарака, кермека, тамарикса",morph_2012_degradation,surveyed,2012,True,True,Солончак приморский,solonchak,0
11/13,46.141194444444444,61.42091666666666,50.0,"Склон увала, неогеновые глины / полынная с солянками и эфемерами",morph_2013,surveyed,2013,True,True,Бурая пустынная малоразвитая солончаковатая на глине,solonchak,0
11/14,45.569027777777784,61.75944444444445,31.6,Действующий рисовой массив / поле засорено тростником,morph_2014_beloe,surveyed,2014,True,True,Рисово-болотная тяжелосуглинистая,meadow_bog,1
11А/12,46.05777777777777,60.902944444444444,35.0,"Ровная морская поверхность / кустарниковой растительностью (в основном - тамарикс, солянки, тростник)",morph_2012,surveyed,2012,True,True,Солончак отакыренный,solonchak,0
12/13,46.15247222222222,61.62083333333334,79.0,Высокий берег оз. Камыш-Лобаш / биюргуновой растительностью,morph_2013,surveyed,2013,True,True,"Солонец пустынный солончаковый тяжелосуглинистый, на супеси с 65 см",solonchak,0
12/14,45.52616666666667,61.75525,31.7,Поверхность отакырена / мелкокустарниковые солянки,morph_2014_beloe,surveyed,2014,True,True,Луговая отакыренная тяжелосуглинистая,takyr,0
12А/12,46.02941666666666,60.77802777777778,32.0,"Плоская поверхность обсохшего дна моря / изреженной солянковой растительностью (единичные солянки, тамарикс)",morph_2012,surveyed,2012,True,True,Солончак приморский,solonchak,0
13/13,46.1625,61.622305555555556,88.0,"Плоская высокая поверхность / распаханная грядка, без растительности",morph_2013,surveyed,2013,True,True,Солонец пустынный солончаковый (распахан) тяжелосуглинистый,solonchak,1
13/14,,,,"Плоская поверхность / саксауловая, фитобугры",morph_2014_beloe,missing,2014,False,False,Такыровидная солончаковая тяжелосуглинистая,solonchak,0
13А/12,46.01488888888889,60.739333333333335,30.0,"Плоская поверхность / солянковой растительностью, в отдалении редкие кусты тамарикса",morph_2012,surveyed,2012,True,True,Солончак приморский,solonchak,0
14/13,46.209694444444445,61.62972222222222,78.0,Высокие волнистые однородные поверхности / полынно-эбелековой растительностью,morph_2013,surveyed,2013,True,True,Бурая пустынная нормальная супесчаная,brown_desert,0
14/14,45.654805555555555,61.81705555555556,38.7,Рисовое поле / тростник,morph_2014_beloe,surveyed,2014,True,True,Рисово-болотная незасоленная,meadow_bog,1
14А/12,46.019416666666665,60.72980555555556,26.0,Плоская поверхность / засохшей солянковой растительностью,morph_2012,surveyed,2012,True,True,Солончак приморский,solonchak,0
15/13,46.24327777777778,61.75663888888889,101.0,Волнистая высокая равнина / полынной растительностью,morph_2013,surveyed,2013,True,True,Бурая пустынная нормальная супесчаная на суглинке с 55-60 см,brown_desert,0
15/14,,,,"За переделами чека / карабарак, колтидум",morph_2014_beloe,missing,2014,False,False,Солончак вторичный,solonchak,0
15А/12,46.02136111111111,60.699194444444444,30.0,"Плоская поверхность / солянково-кустарниковой растительностью (тамарикс, рогоглавник)",morph_2012,surveyed,2012,True,True,Солончак приморский,solonchak,0
16/13,46.24327777777778,61.75663888888889,101.0,"Микропонижение, пятно биюргуна / биюргун",morph_2013,surveyed,2013,True,True,"Солонец пустынный солончаковый тяжелосуглинистый, на песке с 80 см",solonchak,0
16/14,45.693194444444444,61.8015,31.2,"Песчаный прирусловый вал / терескен, чингиль, тал, эфемеры, тростник",morph_2014_beloe,surveyed,2014,True,True,Песок лугово-пустынный,meadow,0
16А/12,45.719722222222224,60.25405555555555,24.0,Плоская поверхность / единичными мелкими солянками,morph_2012,surveyed,2012,True,True,Солончак приморский,solonchak,0
17/13,46.25958333333333,61.80172222222222,63.0,Огромная депрессия с плоским дном / единичные биюргун и эфемеры,morph_2014_beloe,surveyed,2013,True,True,Такыр солончаковый глинистый,solonchak,0
17/14,45.66752777777778,61.933527777777776,35.5,"Пойма р. Сырдарья / чингилевый массив, злаки",morph_2014_beloe,surveyed,2014,True,True,Пойменная луговая засоленная среднесуглинистая на тяжелых отложениях,meadow,0
17А/12,45.72475,60.25933333333333,22.0,"Плоская поверхность, широкая ложбина / солянковой растительностью",morph_2012,surveyed,2012,True,True,Солончак приморский,solonchak,0
18/14,45.69969444444444,61.59225,29.6,Небольшой участок / однолетнесолянковые с тамариксом,morph_2014_beloe,surveyed,2014,True,True,Луговая обсыхающая засоленная тяжелосуглинистая,meadow,0
18А/12,45.73072222222223,60.27125,23.0,Плоская поверхность / единичные кустики солянок,morph_2012,surveyed,2012,True,True,Солончак приморский,solonchak,0
19/13,46.3815,61.78086111111111,75.0,Увалистые поверхности / полынная растительность,morph_2014_beloe,surveyed,2013,True,True,Солонец пустынный солончаковый тяжелосуглинистый на суглинке,solonchak,0
19/14,45.684305555555554,61.61361111111111,29.0,Старая залежь,morph_2014_beloe,surveyed,2014,True,True,Луговая староорошаемая засоленная,meadow,1
19А/12,45.71344444444445,60.293416666666666,20.0,Плоская поверхность / редкие мелкие единичные кустики солянок,morph_2012,surveyed,2012,True,True,Солончак приморский,solonchak,0
1А/12,46.09297222222222,60.86783333333334,40.0,"Плоская надпойменная равнина с небольшими песчаными бугорками / кустарниково-солянковой растительностью (селитрянка, солянка супротивнолистная, лебеда солончаковая, кермек Гмелина)",morph_2012_degradation,surveyed,2012,True,True,Примитивная приморская с навеянным песчаным чехлом,sand,0
20/13,46.367416666666664,61.686249999999994,70.0,"Слабоволнистая равнина / полынная, эбелек, эфемеры",morph_2014_beloe,surveyed,2013,True,True,Бурая пустынная нормальная супесчаная на песке,brown_desert,0
20А/12,45.70897222222222,60.316861111111116,20.0,"Бугристая плоская равнина, место старого городища / карабарак, солянки",morph_2012,surveyed,2012,True,True,Солончак приморский,solonchak,0
21/13,46.49675,61.62433333333333,62.0,Высокие бугристые пески / эркеково-джузгуновой,morph_2014_beloe,surveyed,2013,True,True,"Песок пустынный бугристый закрепленный, видимо карбонатный",sand,0
21/14,45.63622222222222,61.61516666666667,32.6,Увалисто-волнистая поверхность / осочково-полынная с эфемерами,morph_2014_beloe,surveyed,2014,True,True,Бурая «легкая» незасоленная песчаная на песке,brown_desert,0
22А/12,45.697694444444444,60.42080555555555,25.0,Плоская поверхность / лебедой солончаковой,morph_2012,surveyed,2012,True,True,Солончак приморский,solonchak,0
23/14,45.60194444444445,61.563027777777776,27.4,Поверхность отакырена / эфемерово-саксауловой,morph_2014_beloe,surveyed,2014,True,True,Такыровидная слабосолончаковая среднесуглинистая,solonchak,0
23А/12,45.77761111111111,60.464555555555556,28.0,Плоская поверхность / солянковой растительностью,morph_2012,surveyed,2012,True,True,Солончак приморский,solonchak,0
24/13,46.37130555555556,61.57161111111112,66.0,"Высокие волнистые поверхности / полынная с пятнами биюргуна, саксаул, эфемеры",morph_2014_beloe,surveyed,2013,True,True,Бурая пустынная солонцевато-солончаковая супесчаная почва,solonchak,0
24/14,45.60194444444445,61.56366975961089,,Распаханный массив / посадка саксаула,morph_2014_beloe,recovered_offset,2014,True,True,Такыровидная нарушенная (пахотная) незасоленная  среднесуглинистая,takyr,1
24А/12,45.78938888888889,60.4445,27.0,Плоская поверхность / солянковой растительностью,morph_2012,surveyed,2012,True,True,Солончак приморский,solonchak,0
25/13,46.321472222222226,61.490972222222226,55.0,Равнинные пески / осочково-полынной с терескеном,morph_2014_beloe,surveyed,2013,True,True,Песок пустынный равнинный закрепленный карбонатный,sand,0
25/14,,,,Плоская поверхность / полынно-кейреуковая,morph_2014_beloe,missing,2014,False,False,Такыровидная засоленная  легкоглинистая,takyr,0
26/13,46.225861111111115,61.39,32.0,Плоская равнина / биюргуновая,morph_2014_beloe,surveyed,2013,True,True,"Солонец пустынный солончаковый тяжелосуглинистый, на супеси с 40 см",solonchak,0
27/13,46.225861111111115,61.39,32.0,Плоская равнина / кейреуково-полынной,morph_2014_beloe,surveyed,2013,True,True,Бурая пустынная солончаковатая супесчаная на суглинке,solonchak,0
28/13,46.21738888888889,61.27475,40.0,Межбугровое пространство / полынной с эфемерами,morph_2014_beloe,surveyed,2013,True,True,Песок лугово-пустынный равнинный закрепленный,meadow,0
28/14,45.79738888888889,61.70741666666667,32.4,Плоская равнина / полынно-карабараковая,morph_2014_beloe,surveyed,2014,True,True,Солончак вторичный среднесуглинистый,solonchak,0
29/13,46.176249999999996,61.25863888888889,47.0,Равнинные пески / осочково-эбелековой,morph_2014_beloe,surveyed,2013,True,True,"Песок пустынный равнинный закрепленный, но с поверхности нарушенный",sand,1
29/14,45.72175,61.706583333333334,33.3,Абсолютно плоская равнина / сарсазановая,morph_2014_beloe,surveyed,2014,True,True,Солончак луговой,solonchak,0
2А/12,46.08372222222223,60.86691666666667,40.0,Плоская равнина / солянковой растительностью,morph_2012_degradation,surveyed,2012,True,True,Примитивная приморская почва,primitive_coastal,0
30/13,46.08377777777778,61.16363888888889,60.0,Высокие волнистые поверхности / осочково-полынной,morph_2014_beloe,surveyed,2013,True,True,Бурая пустынная супесчаная на песке,brown_desert,0
30/14,45.831611111111116,61.717777777777776,24.7,Огромная плоская депрессия / тростниковая,morph_2014_beloe,surveyed,2014,True,True,Лугово-болотная солончаковая тяжелосуглинистая,solonchak,0
32/14,45.78322222222222,61.82222222222222,31.8,Увалистый массив / осочково-полынной,morph_2014_beloe,surveyed,2014,True,True,"Бурая пустынная с навеянным песчаным чехлом, песчаная",brown_desert,0
33/14,45.81388888888888,61.847972222222225,26.8,Плоская поверхность / солянковая с кустарниками,morph_2014_beloe,surveyed,2014,True,True,Солончак вторичный (произошедший из болотной или лугово-болотной почвы) среднесуглинистый,solonchak,0
34/14,45.80422222222222,61.93469444444444,28.8,Рисовое поле,morph_2014_beloe,surveyed,2014,True,True,Рисово-болотная незасоленная тяжелосуглинистая,meadow_bog,1
35/14,45.79880555555555,61.56722222222223,32.0,Сильно нарушенная территория,morph_2014_beloe,surveyed,2014,True,True,Луговая обсыхающая солончаковая тяжелосуглинистая,solonchak,0
37/14,45.84022222222222,61.56077777777777,28.1,Депрессия / низкий тростник,morph_2014_beloe,surveyed,2014,True,True,Лугово-болотная солончаковая тяжелосуглинистая,solonchak,0
3А/12,46.08502777777778,60.86188888888889,37.0,Плоская поверхность / кустарниковой растительностью (селитрянка) с редкими солянками,morph_2012_degradation,surveyed,2012,True,True,Солончак отакыренный,solonchak,0
4А/12,46.06888888888889,60.934666666666665,47.0,Плоская поверхность / кустарниково-солянковой растительностью,morph_2012_degradation,surveyed,2012,True,True,Примитивная приморская почва,primitive_coastal,0
5А/12,46.08605555555556,60.95527777777778,51.0,Плоская поверхность / кустарниково-солянковой растительностью,morph_2012_degradation,surveyed,2012,True,True,Солончак луговой,solonchak,0
6А/12,46.034388888888884,61.03402777777777,48.0,Плоская поверхность / солянково-кустарниковой растительностью,morph_2012_degradation,surveyed,2012,True,True,Солончак луговой,solonchak,0
7А/12,46.03138888888889,61.01616666666666,50.0,Плоская поверхность / солянковой растительностью с единичными кустами селитрянки,morph_2012_degradation,surveyed,2012,True,True,Солончак луговой,solonchak,0
8А/12,46.01891666666666,60.989472222222226,47.0,"Рельеф – мелкобугристый / солянковой растительностью (карабарак, кустарники солелюбивые) с единичными экземплярами саксаула",morph_2012_degradation,surveyed,2012,True,True,Песок лугово-пустынный равнинный,meadow,0
9А/12,46.03363888888889,60.946888888888886,40.0,"Плоская поверхность морского дна / кустарниково-солянковой растительностью (карабарак, кермек, солянка супротивнолистная, тамарикс)",morph_2012_degradation,surveyed,2012,True,True,Солончак отакыренный,solonchak,0
