pit_id,depth_top_cm,depth_bottom_cm,humus_pct,n_total_pct,c_n_ratio,co2_pct,caco3_pct,caso4_pct,exch_ca,exch_mg,exch_na,exch_k,exch_sum,p2o5_mobile,k2o_mobile,n_hydrolyzable,ph_water,src_year,salt_sum_salts_pct,salt_alk_hco3_pct,salt_alk_co3_pct,salt_cl_pct,salt_so4_pct,salt_ca_pct,salt_mg_pct,salt_na_pct,salt_k_pct,sand_1_0p25,sand_0p25_0p05,silt_0p05_0p01,silt_0p01_0p005,silt_0p005_0p001,clay_lt0p001,physical_clay_lt0p01,hygroscopic_water_pct,sand_pct,silt_pct,clay_pct,lat_dd,lon_dd,elevation_m,in_aoi,has_coordinates,coord_provenance,georeferenced
01/13,0.0,3.0,0.13,0.028,2.7,0.8,1.8,,4.0,2.0,1.29,0.27,7.56,,,,8.3,2013,0.087,0.029,,0.015,0.015,0.004,0.001,0.019,0.004,13.79,15.27,37.49,9.27,10.08,14.11,33.46,,29.06,56.84,14.11,46.12963888888889,61.552861111111106,71.0,True,True,surveyed,True
01/13,4.0,14.0,0.27,0.014,11.2,0.9,2.0,,4.25,2.25,2.6,0.11,9.21,,,,9.2,2013,,,,,,,,,,,,,,,,,,,,,46.12963888888889,61.552861111111106,71.0,True,True,surveyed,True
01/13,17.0,27.0,0.43,0.028,8.9,1.0,2.2,,4.25,3.25,4.95,0.07,12.52,,,,9.0,2013,,,,,,,,,,,,,,,,,,,,,46.12963888888889,61.552861111111106,71.0,True,True,surveyed,True
01/13,30.0,40.0,0.9,0.014,37.3,0.6,1.4,,10.0,5.0,2.48,0.03,17.51,,,,8.1,2013,,,,,,,,,,,,,,,,,,,,,46.12963888888889,61.552861111111106,71.0,True,True,surveyed,True
01/13,50.0,60.0,,,,1.0,2.2,,,,,,,,,,7.9,2013,,,,,,,,,,,,,,,,,,,,,46.12963888888889,61.552861111111106,71.0,True,True,surveyed,True
01/13,80.0,90.0,,,,,,,,,,,,,,,7.7,2013,,,,,,,,,,,,,,,,,,,,,46.12963888888889,61.552861111111106,71.0,True,True,surveyed,True
01/14,0.0,7.0,0.41,0.014,17.0,5.3,12.1,,3.5,1.75,0.35,0.21,5.8,74.0,190.0,33.6,8.6,2014,0.075,0.022,,0.003,0.027,0.011,0.001,0.005,0.006,1.34,91.03,3.21,1.6,1.2,1.6,4.41,0.28,92.37,6.010000000000001,1.6,45.756277777777775,61.54661111111111,36.0,True,True,surveyed,True
01/14,10.0,20.0,0.34,0.014,14.1,5.6,12.7,,2.5,1.75,0.2,0.21,4.7,22.0,170.0,22.4,9.3,2014,,,,,,,,,,,,,,,,,,,,,45.756277777777775,61.54661111111111,36.0,True,True,surveyed,True
01/14,25.0,35.0,0.31,0.014,12.8,8.0,18.2,,8.0,1.75,0.38,0.44,10.6,7.0,470.0,19.6,8.6,2014,,,,,,,,,,,,,,,,,,,,,45.756277777777775,61.54661111111111,36.0,True,True,surveyed,True
01/14,45.0,55.0,,,,7.5,17.0,,,,,,,,,,8.8,2014,,,,,,,,,,,,,,,,,,,,,45.756277777777775,61.54661111111111,36.0,True,True,surveyed,True
01/14,90.0,100.0,,,,8.4,19.1,,,,,,,,,,8.5,2014,,,,,,,,,,,,,,,,,,,,,45.756277777777775,61.54661111111111,36.0,True,True,surveyed,True
02/13,0.0,4.0,0.77,0.042,10.6,0.8,1.8,,6.0,2.5,1.12,0.42,10.04,,,,8.2,2013,0.089,0.024,,0.017,0.019,0.008,0.001,0.015,0.005,20.76,22.64,39.62,4.04,4.04,8.9,16.98,,43.400000000000006,47.699999999999996,8.9,46.1435,61.55755555555555,70.0,True,True,surveyed,True
02/13,6.0,16.0,0.7,0.028,14.5,0.8,1.7,,4.5,3.0,1.29,0.42,9.21,,,,8.3,2013,,,,,,,,,,,,,,,,,,,,,46.1435,61.55755555555555,70.0,True,True,surveyed,True
02/13,22.0,30.0,0.47,0.042,6.5,2.1,4.8,,6.0,4.5,1.26,0.2,11.96,,,,8.5,2013,,,,,,,,,,,,,,,,,,,,,46.1435,61.55755555555555,70.0,True,True,surveyed,True
02/13,40.0,50.0,,,,1.3,2.9,,,,,,,,,,8.3,2013,,,,,,,,,,,,,,,,,,,,,46.1435,61.55755555555555,70.0,True,True,surveyed,True
02/13,65.0,75.0,,,,0.9,2.2,,,,,,,,,,8.5,2013,,,,,,,,,,,,,,,,,,,,,46.1435,61.55755555555555,70.0,True,True,surveyed,True
02/14,0.0,5.0,0.92,0.042,12.7,1.1,2.4,,6.75,2.0,0.27,0.46,9.5,49.0,480.0,30.8,8.8,2014,0.056,0.02,,0.004,0.014,0.006,0.001,0.004,0.007,8.09,73.31,6.73,1.98,1.98,7.91,11.87,0.88,81.4,10.690000000000001,7.91,45.71036111111111,61.558416666666666,40.6,True,True,surveyed,True
02/14,5.0,15.0,0.48,0.014,19.9,1.2,2.8,,7.25,2.5,0.29,0.89,10.9,37.0,820.0,33.6,8.8,2014,,,,,,,,,,,,,,,,,,,,,45.71036111111111,61.558416666666666,40.6,True,True,surveyed,True
02/14,17.0,27.0,0.2,0.014,8.3,0.8,1.8,,8.0,2.5,0.52,1.03,12.1,15.0,840.0,19.6,9.0,2014,,,,,,,,,,,,,,,,,,,,,45.71036111111111,61.558416666666666,40.6,True,True,surveyed,True
02/14,30.0,40.0,0.27,0.014,11.2,0.7,1.5,,7.5,2.0,0.69,0.54,10.7,10.0,560.0,14.0,8.6,2014,,,,,,,,,,,,,,,,,,,,,45.71036111111111,61.558416666666666,40.6,True,True,surveyed,True
02/14,60.0,70.0,,,,0.5,1.1,,,,,,,,,,9.5,2014,,,,,,,,,,,,,,,,,,,,,45.71036111111111,61.558416666666666,40.6,True,True,surveyed,True
03/14,0.0,5.0,1.54,0.084,10.6,9.4,21.3,,11.25,2.75,0.21,0.51,14.7,74.0,520.0,53.2,8.2,2014,0.369,0.032,,0.003,0.228,0.062,0.017,0.009,0.018,0.89,22.68,38.82,9.3,6.07,22.24,37.61,1.0,23.57,54.190000000000005,22.24,,,,False,False,missing,False
03/14,5.0,15.0,1.12,0.056,11.6,8.2,18.7,,15.0,2.75,0.3,0.18,18.2,20.0,190.0,36.4,8.2,2014,,,,,,,,,,,,,,,,,,,,,,,,False,False,missing,False
03/14,17.0,27.0,0.07,0.028,1.5,6.8,15.5,,6.0,4.25,0.56,0.14,11.0,10.0,110.0,28.0,8.9,2014,,,,,,,,,,,,,,,,,,,,,,,,False,False,missing,False
04/14,0.0,7.0,10.22,0.28,21.2,0.6,1.3,,9.75,30.5,4.2,0.55,45.0,66.0,820.0,81.2,8.3,2014,7.089,0.061,,1.228,3.438,0.619,0.029,1.68,0.034,1.56,34.56,26.55,12.86,2.07,22.4,37.34,3.5,36.120000000000005,41.48,22.4,,,,False,False,missing,False
04/14,10.0,20.0,4.5,0.182,14.3,1.6,3.6,,9.5,35.0,13.0,0.45,58.0,40.0,680.0,47.6,8.2,2014,,,,,,,,,,,,,,,,,,,,,,,,False,False,missing,False
04/14,28.0,38.0,0.82,0.042,11.3,12.0,27.2,,8.75,16.0,7.7,0.28,32.7,2.0,230.0,8.4,9.1,2014,,,,,,,,,,,,,,,,,,,,,,,,False,False,missing,False
04/14,50.0,60.0,,,,8.6,19.6,,,,,,,,,,9.0,2014,,,,,,,,,,,,,,,,,,,,,,,,False,False,missing,False
04/14,100.0,110.0,,,,7.7,17.4,,,,,,,,,,9.0,2014,,,,,,,,,,,,,,,,,,,,,,,,False,False,missing,False
05/14,0.0,7.0,0.37,0.028,7.7,1.6,3.7,,5.0,2.5,0.24,0.3,8.0,,,,9.1,2014,0.07,0.024,0.005,0.001,0.024,0.004,0.001,0.013,0.003,6.46,66.62,13.66,2.81,8.04,2.41,13.26,2.7,73.08,24.509999999999998,2.41,45.665305555555555,61.69419444444444,42.3,True,True,surveyed,True
05/14,7.0,16.0,0.48,0.014,19.9,1.8,4.0,,7.0,2.5,2.14,0.07,11.7,,,,9.3,2014,,,,,,,,,,,,,,,,,,,,,45.665305555555555,61.69419444444444,42.3,True,True,surveyed,True
05/14,16.0,26.0,0.72,0.07,6.0,0.8,1.9,,14.75,2.3,5.9,0.06,23.0,,,,8.3,2014,,,,,,,,,,,,,,,,,,,,,45.665305555555555,61.69419444444444,42.3,True,True,surveyed,True
05/14,28.0,38.0,,,,0.6,1.3,,12.25,3.0,5.4,0.02,20.7,,,,8.4,2014,,,,,,,,,,,,,,,,,,,,,45.665305555555555,61.69419444444444,42.3,True,True,surveyed,True
05/14,42.0,52.0,,,,0.4,1.0,,,,,,,,,,8.1,2014,,,,,,,,,,,,,,,,,,,,,45.665305555555555,61.69419444444444,42.3,True,True,surveyed,True
05/14,80.0,90.0,,,,,,,,,,,,,,,8.1,2014,,,,,,,,,,,,,,,,,,,,,45.665305555555555,61.69419444444444,42.3,True,True,surveyed,True
06/13,0.0,5.0,1.17,0.056,12.1,0.9,2.1,,4.0,2.0,0.81,0.29,7.1,21.0,290.0,8.4,8.9,2013,0.058,0.02,,0.004,0.016,0.006,0.001,0.007,0.004,40.69,39.55,7.66,4.84,3.63,3.63,12.1,0.82,80.24,16.13,3.63,46.200472222222224,61.550666666666665,72.0,True,True,surveyed,True
06/13,7.0,17.0,0.24,0.042,3.3,0.7,1.5,,4.5,2.0,1.01,0.29,7.8,20.0,300.0,2.8,8.9,2013,,,,,,,,,,,,,,,,,,,,,46.200472222222224,61.550666666666665,72.0,True,True,surveyed,True
06/13,30.0,40.0,0.1,0.028,2.1,1.7,3.9,,4.0,2.25,1.05,0.21,7.5,5.0,230.0,5.6,8.7,2013,,,,,,,,,,,,,,,,,,,,,46.200472222222224,61.550666666666665,72.0,True,True,surveyed,True
06/13,65.0,75.0,,,,1.3,3.1,,,,,,,,,,9.0,2013,,,,,,,,,,,,,,,,,,,,,46.200472222222224,61.550666666666665,72.0,True,True,surveyed,True
07/13,0.0,7.0,0.48,0.07,4.0,0.7,1.6,,5.0,2.5,0.93,0.43,8.9,20.0,500.0,19.6,8.4,2013,0.189,0.017,,0.054,0.052,0.013,0.002,0.043,0.008,16.56,54.71,9.31,8.91,6.88,3.64,19.43,1.81,71.27,25.099999999999998,3.64,46.14347222222222,61.49341666666667,70.0,True,True,surveyed,True
07/13,7.0,16.0,0.45,0.042,6.2,1.2,2.7,,4.75,2.75,1.31,0.41,9.2,6.0,420.0,8.4,8.4,2013,,,,,,,,,,,,,,,,,,,,,46.14347222222222,61.49341666666667,70.0,True,True,surveyed,True
07/13,22.0,32.0,0.27,0.028,5.6,1.6,3.6,0.1,6.0,3.25,1.31,0.36,10.9,3.0,440.0,22.4,8.4,2013,,,,,,,,,,,,,,,,,,,,,46.14347222222222,61.49341666666667,70.0,True,True,surveyed,True
07/13,40.0,50.0,0.26,0.028,5.4,2.3,5.2,0.1,6.5,4.0,1.31,0.26,12.1,8.0,370.0,19.6,8.4,2013,,,,,,,,,,,,,,,,,,,,,46.14347222222222,61.49341666666667,70.0,True,True,surveyed,True
07/13,60.0,70.0,,,,1.9,4.4,0.2,,,,,,,,,9.0,2013,,,,,,,,,,,,,,,,,,,,,46.14347222222222,61.49341666666667,70.0,True,True,surveyed,True
07/14,0.0,5.0,2.28,0.112,11.8,6.1,13.8,,10.5,7.25,7.2,0.37,25.3,,,,8.9,2014,5.154,0.037,,0.103,3.403,0.19,0.087,1.32,0.014,1.91,20.64,43.39,15.41,13.38,5.27,34.06,1.3,22.55,72.17999999999999,5.27,45.71069444444445,61.736222222222224,33.4,True,True,surveyed,True
07/14,5.0,15.0,0.92,0.056,9.5,8.5,19.4,,5.75,34.0,3.3,0.35,43.4,,,,8.9,2014,,,,,,,,,,,,,,,,,,,,,45.71069444444445,61.736222222222224,33.4,True,True,surveyed,True
07/14,15.0,25.0,1.09,0.07,9.0,8.7,19.8,,6.75,25.5,1.4,0.27,33.9,,,,8.9,2014,,,,,,,,,,,,,,,,,,,,,45.71069444444445,61.736222222222224,33.4,True,True,surveyed,True
07/14,40.0,50.0,,,,8.9,20.2,,,,,,,,,,8.9,2014,,,,,,,,,,,,,,,,,,,,,45.71069444444445,61.736222222222224,33.4,True,True,surveyed,True
07/14,90.0,100.0,,,,9.0,20.6,,,,,,,,,,9.0,2014,,,,,,,,,,,,,,,,,,,,,45.71069444444445,61.736222222222224,33.4,True,True,surveyed,True
08/13,0.0,10.0,0.24,0.056,2.5,0.5,1.2,,2.25,2.0,0.84,0.13,5.2,12.0,160.0,19.6,9.0,2013,0.048,0.02,,0.003,0.011,0.005,0.001,0.005,0.003,35.24,48.66,7.24,2.82,1.61,4.43,8.85,0.58,83.9,11.67,4.43,46.066750000000006,61.10333333333333,65.0,True,True,surveyed,True
08/13,10.0,20.0,0.17,0.056,1.8,0.6,1.4,,3.5,2.0,1.01,0.34,6.9,6.0,330.0,16.8,8.9,2013,,,,,,,,,,,,,,,,,,,,,46.066750000000006,61.10333333333333,65.0,True,True,surveyed,True
08/13,25.0,35.0,0.1,0.028,2.1,2.0,4.6,,3.5,2.0,1.18,0.45,7.1,3.0,370.0,19.6,9.0,2013,,,,,,,,,,,,,,,,,,,,,46.066750000000006,61.10333333333333,65.0,True,True,surveyed,True
08/13,40.0,75.0,,,,2.1,4.7,,,,,,,,,,8.7,2013,,,,,,,,,,,,,,,,,,,,,46.066750000000006,61.10333333333333,65.0,True,True,surveyed,True
08/14,0.0,5.0,0.24,0.042,3.3,1.8,4.1,,15.25,3.0,20.7,0.35,39.3,,,,9.2,2014,0.43,0.112,0.031,0.027,0.161,0.01,0.012,0.095,0.013,0.85,20.0,24.74,4.54,6.19,43.7,54.12,2.9,20.85,35.47,43.7,45.663666666666664,61.71058333333334,40.3,True,True,surveyed,True
08/14,5.0,14.0,0.34,0.028,7.0,1.5,3.5,,10.25,3.25,27.5,0.22,41.2,,,,8.9,2014,,,,,,,,,,,,,,,,,,,,,45.663666666666664,61.71058333333334,40.3,True,True,surveyed,True
08/14,14.0,24.0,,,,,,,,,,,,,,,8.3,2014,,,,,,,,,,,,,,,,,,,,,45.663666666666664,61.71058333333334,40.3,True,True,surveyed,True
08/14,30.0,40.0,,,,,,,,,,,,,,,7.5,2014,,,,,,,,,,,,,,,,,,,,,45.663666666666664,61.71058333333334,40.3,True,True,surveyed,True
09/13,0.0,5.0,0.1,0.018,3.2,,,,1.5,1.75,0.97,0.07,4.3,6.0,50.0,16.8,9.2,2013,0.031,0.017,,0.003,0.002,0.003,0.001,0.003,0.002,48.09,37.46,9.63,2.01,1.2,1.61,4.82,0.32,85.55000000000001,12.84,1.61,46.15313888888889,61.254,55.0,True,True,surveyed,True
09/13,15.0,25.0,0.07,0.018,2.3,,,,1.5,1.5,0.91,0.06,4.0,10.0,90.0,14.0,9.3,2013,,,,,,,,,,,,,,,,,,,,,46.15313888888889,61.254,55.0,True,True,surveyed,True
09/13,40.0,50.0,,0.009,,,,,1.5,2.0,0.99,0.07,4.6,3.0,90.0,11.2,9.3,2013,,,,,,,,,,,,,,,,,,,,,46.15313888888889,61.254,55.0,True,True,surveyed,True
09/13,90.0,100.0,,,,,,,,,,,,,,,9.4,2013,,,,,,,,,,,,,,,,,,,,,46.15313888888889,61.254,55.0,True,True,surveyed,True
09/14,0.0,8.0,0.72,0.042,9.9,6.5,14.8,,11.75,2.5,0.78,0.22,15.3,26.0,330.0,8.4,8.4,2014,0.547,0.017,,0.02,0.347,0.086,0.017,0.047,0.013,8.59,53.57,17.31,5.23,6.84,8.45,20.53,0.6,62.16,29.38,8.45,45.60908333333334,61.77733333333333,32.4,True,True,surveyed,True
09/14,10.0,20.0,0.51,0.042,7.0,6.5,14.8,,5.5,3.25,0.36,0.05,9.2,10.0,110.0,33.6,8.7,2014,,,,,,,,,,,,,,,,,,,,,45.60908333333334,61.77733333333333,32.4,True,True,surveyed,True
09/14,20.0,30.0,0.43,0.056,4.5,6.7,15.3,,9.0,2.75,0.25,0.12,12.1,10.0,100.0,25.2,8.7,2014,,,,,,,,,,,,,,,,,,,,,45.60908333333334,61.77733333333333,32.4,True,True,surveyed,True
09/14,32.0,42.0,0.2,0.028,4.1,7.1,16.1,,4.75,2.5,0.22,0.11,7.6,,,,8.7,2014,,,,,,,,,,,,,,,,,,,,,45.60908333333334,61.77733333333333,32.4,True,True,surveyed,True
09/14,100.0,110.0,,,,6.4,14.6,,,,,,,,,,9.3,2014,,,,,,,,,,,,,,,,,,,,,45.60908333333334,61.77733333333333,32.4,True,True,surveyed,True
10/13,0.0,8.0,0.17,0.042,2.3,0.0,1.8,,4.0,2.5,0.91,0.36,7.8,12.0,340.0,22.4,9.1,2013,0.048,0.024,,0.001,0.009,0.004,0.001,0.005,0.004,11.81,69.18,4.45,5.66,6.07,2.83,14.56,1.12,80.99000000000001,16.18,2.83,,,,False,False,missing,False
10/13,15.0,25.0,0.14,0.014,5.8,1.2,2.8,,4.5,2.5,0.94,0.37,8.3,3.0,400.0,25.2,9.0,2013,,,,,,,,,,,,,,,,,,,,,,,,False,False,missing,False
10/13,30.0,40.0,0.12,0.014,5.0,0.9,1.9,0.03,3.25,2.5,0.99,0.17,6.9,3.0,300.0,19.6,9.2,2013,,,,,,,,,,,,,,,,,,,,,,,,False,False,missing,False
10/13,70.0,80.0,,,,1.6,3.6,0.07,,,,,,,,,9.2,2013,,,,,,,,,,,,,,,,,,,,,,,,False,False,missing,False
10А/12,0.0,2.0,2.34,0.11,12.1,6.3,,,11.5,43.5,3.21,0.44,58.7,17.0,2700.0,19.6,8.9,2012,14.839,0.027,0.005,5.796,3.906,0.882,0.536,3.5,0.192,6.06,12.57,57.36,6.92,2.44,14.65,24.0,1.68,18.63,66.72,14.65,46.029694444444445,60.93655555555555,39.0,True,True,surveyed,True
10А/12,2.0,12.0,1.04,0.08,7.2,7.8,,,9.25,32.0,1.38,0.52,43.2,20.0,1400.0,16.8,8.9,2012,,,,,,,,,,,,,,,,,,,,,46.029694444444445,60.93655555555555,39.0,True,True,surveyed,True
10А/12,12.0,22.0,0.67,0.06,6.9,9.3,,,10.0,16.0,0.63,0.84,27.5,27.0,1020.0,11.2,8.7,2012,,,,,,,,,,,,,,,,,,,,,46.029694444444445,60.93655555555555,39.0,True,True,surveyed,True
10А/12,22.0,32.0,,,,9.1,,,,,,,,,,,8.7,2012,,,,,,,,,,,,,,,,,,,,,46.029694444444445,60.93655555555555,39.0,True,True,surveyed,True
10А/12,35.0,45.0,,,,9.3,,,,,,,,,,,8.7,2012,,,,,,,,,,,,,,,,,,,,,46.029694444444445,60.93655555555555,39.0,True,True,surveyed,True
10А/12,90.0,100.0,,,,8.3,,,,,,,,,,,8.4,2012,,,,,,,,,,,,,,,,,,,,,46.029694444444445,60.93655555555555,39.0,True,True,surveyed,True
11/13,0.0,10.0,0.21,0.028,4.4,0.2,0.5,,5.0,2.5,1.04,0.38,8.9,60.0,530.0,25.2,8.2,2013,0.05,0.02,,0.003,0.012,0.003,0.001,0.008,0.003,31.86,45.38,6.1,7.32,2.03,7.32,16.67,1.62,77.24000000000001,15.45,7.32,46.141194444444444,61.42091666666666,50.0,True,True,surveyed,True
11/13,10.0,17.0,0.07,0.028,1.5,0.5,1.0,,4.5,3.5,1.38,0.05,9.4,200.0,830.0,19.6,8.0,2013,,,,,,,,,,,,,,,,,,,,,46.141194444444444,61.42091666666666,50.0,True,True,surveyed,True
11/13,19.0,29.0,0.14,0.028,2.9,0.7,1.5,0.3,7.5,4.0,1.46,0.07,13.0,15.0,550.0,19.6,8.3,2013,,,,,,,,,,,,,,,,,,,,,46.141194444444444,61.42091666666666,50.0,True,True,surveyed,True
11/14,0.0,10.0,0.68,0.042,9.4,9.7,22.1,,13.5,7.25,0.12,0.28,21.2,20.0,400.0,33.6,,2014,0.791,0.024,,0.049,0.495,0.048,0.058,0.107,0.01,1.12,23.07,23.52,8.11,22.7,21.49,52.3,1.3,24.19,54.33,21.49,45.569027777777784,61.75944444444445,31.6,True,True,surveyed,True
11/14,10.0,20.0,0.66,0.042,9.1,8.4,19.2,,13.0,8.25,0.45,0.32,22.0,20.0,560.0,36.4,,2014,,,,,,,,,,,,,,,,,,,,,45.569027777777784,61.75944444444445,31.6,True,True,surveyed,True
11/14,20.0,30.0,0.44,0.028,9.1,9.1,20.6,,12.75,6.0,0.05,0.25,19.1,7.0,330.0,28.0,,2014,,,,,,,,,,,,,,,,,,,,,45.569027777777784,61.75944444444445,31.6,True,True,surveyed,True
11/14,32.0,42.0,0.27,0.028,5.6,10.7,24.4,,10.25,5.0,1.05,0.24,16.5,,200.0,22.4,,2014,,,,,,,,,,,,,,,,,,,,,45.569027777777784,61.75944444444445,31.6,True,True,surveyed,True
11/14,80.0,90.0,,,,9.7,22.0,,,,,,,,,,,2014,,,,,,,,,,,,,,,,,,,,,45.569027777777784,61.75944444444445,31.6,True,True,surveyed,True
11А/12,0.0,5.0,1.3,0.11,6.7,9.3,,,11.0,9.0,0.24,0.75,21.0,50.0,640.0,47.6,8.4,2012,1.455,0.027,,0.052,0.952,0.294,0.045,0.065,0.02,1.66,6.29,31.09,25.36,22.91,12.68,60.96,2.22,7.95,79.36,12.68,46.05777777777777,60.902944444444444,35.0,True,True,surveyed,True
11А/12,5.0,15.0,0.73,0.1,4.3,9.1,,,5.0,12.0,0.82,0.6,18.4,20.0,650.0,42.0,8.3,2012,,,,,,,,,,,,,,,,,,,,,46.05777777777777,60.902944444444444,35.0,True,True,surveyed,True
11А/12,15.0,25.0,0.53,0.06,5.5,9.0,,,9.0,5.5,0.98,0.52,16.0,12.0,530.0,33.6,8.2,2012,,,,,,,,,,,,,,,,,,,,,46.05777777777777,60.902944444444444,35.0,True,True,surveyed,True
11А/12,26.0,36.0,,,,9.0,,,,,,,,,,,8.1,2012,,,,,,,,,,,,,,,,,,,,,46.05777777777777,60.902944444444444,35.0,True,True,surveyed,True
11А/12,47.0,57.0,,,,8.9,,,,,,,,,,,8.6,2012,,,,,,,,,,,,,,,,,,,,,46.05777777777777,60.902944444444444,35.0,True,True,surveyed,True
11А/12,75.0,85.0,,,,9.0,,,,,,,,,,,8.6,2012,,,,,,,,,,,,,,,,,,,,,46.05777777777777,60.902944444444444,35.0,True,True,surveyed,True
12/13,0.0,5.0,0.21,0.042,2.9,2.4,5.3,,6.0,2.5,1.23,0.28,10.0,21.0,480.0,25.2,9.1,2013,0.071,0.032,0.002,,0.019,0.006,0.001,0.011,0.002,21.21,10.53,20.85,9.81,17.99,19.62,47.41,2.14,31.740000000000002,48.650000000000006,19.62,46.15247222222222,61.62083333333334,79.0,True,True,surveyed,True
12/13,7.0,17.0,0.14,0.028,2.9,3.3,7.4,,6.5,3.0,2.61,0.19,12.3,15.0,480.0,22.4,9.6,2013,,,,,,,,,,,,,,,,,,,,,46.15247222222222,61.62083333333334,79.0,True,True,surveyed,True
12/13,22.0,32.0,0.21,0.014,8.7,1.0,2.3,,3.5,2.25,4.34,0.09,10.2,6.0,160.0,19.6,9.3,2013,,,,,,,,,,,,,,,,,,,,,46.15247222222222,61.62083333333334,79.0,True,True,surveyed,True
12/13,37.0,47.0,,0.014,,1.0,2.3,,4.5,2.25,3.1,0.08,9.9,6.0,80.0,19.6,9.0,2013,,,,,,,,,,,,,,,,,,,,,46.15247222222222,61.62083333333334,79.0,True,True,surveyed,True
12/13,52.0,62.0,,,,1.6,3.6,3.3,,,,,,,,,8.4,2013,,,,,,,,,,,,,,,,,,,,,46.15247222222222,61.62083333333334,79.0,True,True,surveyed,True
12/13,70.0,80.0,,,,1.4,3.1,0.1,,,,,,,,,8.8,2013,,,,,,,,,,,,,,,,,,,,,46.15247222222222,61.62083333333334,79.0,True,True,surveyed,True
12/14,0.0,5.0,1.23,0.056,12.7,5.9,13.3,,9.25,3.5,0.71,0.4,13.9,66.0,440.0,39.2,,2014,0.311,0.02,,0.059,0.132,0.048,0.009,0.028,0.015,2.42,62.55,10.47,5.64,10.07,8.86,24.56,0.6,64.97,26.18,8.86,45.52616666666667,61.75525,31.7,True,True,surveyed,True
12/14,5.0,15.0,0.75,0.028,15.5,5.9,13.4,,13.0,1.75,0.01,0.26,15.0,2.0,440.0,5.6,,2014,,,,,,,,,,,,,,,,,,,,,45.52616666666667,61.75525,31.7,True,True,surveyed,True
12/14,18.0,28.0,0.65,0.042,9.0,8.7,19.7,,10.25,8.25,0.02,0.29,18.8,,430.0,47.6,,2014,,,,,,,,,,,,,,,,,,,,,45.52616666666667,61.75525,31.7,True,True,surveyed,True
12/14,32.0,42.0,0.44,0.028,9.1,9.4,21.4,,,,,,,,,,,2014,,,,,,,,,,,,,,,,,,,,,45.52616666666667,61.75525,31.7,True,True,surveyed,True
12/14,80.0,90.0,,,,12.2,27.7,,,,,,,,,,,2014,,,,,,,,,,,,,,,,,,,,,45.52616666666667,61.75525,31.7,True,True,surveyed,True
12А/12,0.0,5.0,1.5,0.13,6.9,6.1,,,10.0,26.5,1.12,0.96,38.6,37.0,2600.0,39.2,9.0,2012,10.67,0.032,0.005,3.795,3.167,0.49,0.343,2.68,0.167,10.54,17.68,44.55,14.44,0.83,11.96,27.23,3.04,28.22,59.81999999999999,11.96,46.02941666666666,60.77802777777778,32.0,True,True,surveyed,True
12А/12,5.0,15.0,1.04,0.1,6.2,7.1,,,10.5,13.5,0.73,0.7,25.4,14.0,1300.0,33.6,8.7,2012,,,,,,,,,,,,,,,,,,,,,46.02941666666666,60.77802777777778,32.0,True,True,surveyed,True
12А/12,18.0,28.0,0.8,0.08,5.5,6.2,,,9.5,18.25,1.21,0.83,29.8,11.0,1100.0,25.2,8.5,2012,,,,,,,,,,,,,,,,,,,,,46.02941666666666,60.77802777777778,32.0,True,True,surveyed,True
12А/12,33.0,43.0,,,,4.0,,,,,,,,,,,8.8,2012,,,,,,,,,,,,,,,,,,,,,46.02941666666666,60.77802777777778,32.0,True,True,surveyed,True
12А/12,50.0,60.0,,,,13.6,,,,,,,,,,,9.1,2012,,,,,,,,,,,,,,,,,,,,,46.02941666666666,60.77802777777778,32.0,True,True,surveyed,True
12А/12,80.0,90.0,,,,7.3,,,,,,,,,,,9.5,2012,,,,,,,,,,,,,,,,,,,,,46.02941666666666,60.77802777777778,32.0,True,True,surveyed,True
13/13,0.0,10.0,0.31,0.056,3.2,0.6,1.3,,19.0,2.25,0.71,0.19,22.2,12.0,310.0,19.6,8.0,2013,1.004,0.015,,0.004,0.69,0.276,0.006,0.007,0.006,41.43,36.08,4.58,5.0,1.25,11.66,17.91,3.94,77.50999999999999,10.83,11.66,46.1625,61.622305555555556,88.0,True,True,surveyed,True
13/13,20.0,30.0,0.24,0.028,5.0,,,,18.5,2.25,1.47,0.03,22.3,3.0,80.0,22.4,7.9,2013,,,,,,,,,,,,,,,,,,,,,46.1625,61.622305555555556,88.0,True,True,surveyed,True
13/13,40.0,50.0,0.21,0.014,8.7,,,14.9,15.3,2.0,2.85,0.03,20.1,3.0,370.0,14.0,7.5,2013,,,,,,,,,,,,,,,,,,,,,46.1625,61.622305555555556,88.0,True,True,surveyed,True
13/13,75.0,85.0,,,,,,1.0,,,,,,,,,7.8,2013,,,,,,,,,,,,,,,,,,,,,46.1625,61.622305555555556,88.0,True,True,surveyed,True
13/14,0.0,6.0,0.78,0.056,8.1,7.2,16.4,,11.0,6.25,0.57,0.3,18.1,,,,,2014,0.974,0.02,,0.221,0.425,0.114,0.041,0.136,0.017,0.34,37.44,27.48,7.68,15.35,11.72,34.75,1.0,37.78,50.51,11.72,,,,False,False,missing,False
13/14,7.0,17.0,0.54,0.028,11.2,9.5,21.6,,13.0,18.3,0.95,0.21,32.4,,,,,2014,,,,,,,,,,,,,,,,,,,,,,,,False,False,missing,False
13/14,20.0,30.0,0.41,0.042,5.7,8.8,20.0,,11.5,17.5,1.1,0.17,30.3,,,,,2014,,,,,,,,,,,,,,,,,,,,,,,,False,False,missing,False
13/14,30.0,40.0,,,,9.3,21.0,,,,,,,,,,,2014,,,,,,,,,,,,,,,,,,,,,,,,False,False,missing,False
13/14,90.0,100.0,,,,9.3,21.2,,,,,,,,,,,2014,,,,,,,,,,,,,,,,,,,,,,,,False,False,missing,False
13А/12,0.0,5.0,0.73,0.07,6.0,5.3,,,16.0,2.5,0.86,0.95,20.3,11.0,1020.0,36.4,8.6,2012,1.985,0.02,,0.168,1.209,0.294,0.089,0.167,0.038,11.95,23.96,33.08,9.92,14.06,7.03,31.01,3.26,35.91,57.06,7.03,46.01488888888889,60.739333333333335,30.0,True,True,surveyed,True
14/13,0.0,8.0,0.45,0.056,4.7,,,,3.5,2.5,0.99,0.44,7.4,33.0,360.0,25.2,8.4,2013,0.046,0.015,,0.001,0.016,0.003,0.002,0.004,0.005,24.06,62.22,3.63,3.63,1.21,5.24,10.09,0.84,86.28,8.469999999999999,5.24,46.209694444444445,61.62972222222222,78.0,True,True,surveyed,True
14/13,10.0,20.0,0.34,0.042,4.7,,,,3.75,2.25,0.84,0.39,7.2,33.0,360.0,22.4,8.7,2013,,,,,,,,,,,,,,,,,,,,,46.209694444444445,61.62972222222222,78.0,True,True,surveyed,True
14/13,,,,,,,,,,,,,,,,,,2013,,,,,,,,,,,,,,,,,,,,,46.209694444444445,61.62972222222222,78.0,True,True,surveyed,True
14/14,0.0,10.0,0.97,0.056,10.0,7.6,17.3,,10.25,6.5,0.33,0.2,17.3,22.0,200.0,8.4,,2014,0.891,0.017,,0.042,0.595,0.048,0.087,0.095,0.047,0.97,32.93,35.88,8.87,12.49,8.87,30.22,0.7,33.9,57.24,8.87,45.654805555555555,61.81705555555556,38.7,True,True,surveyed,True
14/14,10.0,20.0,0.78,0.042,10.8,7.9,17.9,,7.5,2.5,1.16,0.22,11.4,22.0,190.0,30.8,,2014,,,,,,,,,,,,,,,,,,,,,45.654805555555555,61.81705555555556,38.7,True,True,surveyed,True
14/14,22.0,32.0,0.51,0.028,10.6,8.1,18.4,,6.0,2.5,1.54,0.21,10.3,20.0,160.0,33.6,,2014,,,,,,,,,,,,,,,,,,,,,45.654805555555555,61.81705555555556,38.7,True,True,surveyed,True
14/14,40.0,50.0,0.49,0.042,6.8,8.4,19.2,,6.0,2.75,0.21,0.18,9.1,,,,,2014,,,,,,,,,,,,,,,,,,,,,45.654805555555555,61.81705555555556,38.7,True,True,surveyed,True
14/14,80.0,90.0,,,,9.5,21.5,,,,,,,,,,,2014,,,,,,,,,,,,,,,,,,,,,45.654805555555555,61.81705555555556,38.7,True,True,surveyed,True
14А/12,0.0,5.0,1.17,0.08,8.1,4.9,,,8.75,32.5,0.98,0.69,42.9,4.0,2200.0,30.8,9.0,2012,7.714,0.029,0.006,2.691,2.456,0.343,0.447,1.615,0.133,9.63,27.14,46.03,2.4,2.0,12.81,17.21,0.06,36.77,50.43,12.81,46.019416666666665,60.72980555555556,26.0,True,True,surveyed,True
14А/12,5.0,11.0,0.67,0.08,4.6,6.5,,,12.0,7.5,1.06,0.43,21.0,6.0,1000.0,28.0,8.7,2012,,,,,,,,,,,,,,,,,,,,,46.019416666666665,60.72980555555556,26.0,True,True,surveyed,True
14А/12,11.0,21.0,0.4,0.06,4.1,6.4,,,11.75,6.5,0.58,0.54,19.4,6.0,750.0,30.8,8.7,2012,,,,,,,,,,,,,,,,,,,,,46.019416666666665,60.72980555555556,26.0,True,True,surveyed,True
14А/12,21.0,30.0,1.04,0.06,,12.1,,,10.0,10.0,1.26,0.8,22.1,9.0,680.0,19.6,8.8,2012,,,,,,,,,,,,,,,,,,,,,46.019416666666665,60.72980555555556,26.0,True,True,surveyed,True
14А/12,70.0,80.0,,,,10.4,,,,,,,,,,,9.4,2012,,,,,,,,,,,,,,,,,,,,,46.019416666666665,60.72980555555556,26.0,True,True,surveyed,True
15/13,0.0,4.0,0.48,0.042,6.6,,,,4.5,2.5,0.91,0.3,8.2,20.0,260.0,19.6,8.6,2013,0.035,0.017,,0.001,0.007,0.004,0.001,0.003,0.002,16.18,64.82,6.87,4.85,2.83,4.45,12.13,1.08,81.0,14.549999999999999,4.45,46.24327777777778,61.75663888888889,101.0,True,True,surveyed,True
15/13,4.0,14.0,0.31,0.042,4.3,0.8,1.8,,4.5,2.5,0.69,0.27,8.0,4.0,280.0,19.6,8.8,2013,,,,,,,,,,,,,,,,,,,,,46.24327777777778,61.75663888888889,101.0,True,True,surveyed,True
15/13,18.0,28.0,0.27,0.056,2.8,2.1,4.7,,7.0,2.5,0.91,0.17,10.6,3.0,220.0,19.6,8.6,2013,,,,,,,,,,,,,,,,,,,,,46.24327777777778,61.75663888888889,101.0,True,True,surveyed,True
15/13,40.0,50.0,0.24,0.014,9.9,3.0,6.8,0.6,6.0,2.5,1.11,0.09,9.7,3.0,80.0,22.4,8.9,2013,,,,,,,,,,,,,,,,,,,,,46.24327777777778,61.75663888888889,101.0,True,True,surveyed,True
15/13,57.0,67.0,,,,3.2,7.3,0.7,,,,,,,,,9.2,2013,,,,,,,,,,,,,,,,,,,,,46.24327777777778,61.75663888888889,101.0,True,True,surveyed,True
15/14,0.0,7.0,0.93,0.042,12.8,7.3,16.6,,8.0,2.0,1.7,0.17,11.9,,,,,2014,2.038,0.029,,0.018,1.354,0.095,0.029,0.5,0.013,,,,,,,,,,,,,,,False,False,missing,False
15/14,7.0,17.0,0.46,0.014,19.1,7.3,16.7,,4.0,2.0,6.5,0.17,12.7,,,,,2014,,,,,,,,,,,,,,,,,,,,,,,,False,False,missing,False
15/14,25.0,35.0,0.45,0.014,18.6,7.4,16.9,,9.0,8.0,2.5,0.21,19.7,,,,,2014,,,,,,,,,,,,,,,,,,,,,,,,False,False,missing,False
15/14,45.0,55.0,,,,7.1,16.2,,,,,,,,,,,2014,,,,,,,,,,,,,,,,,,,,,,,,False,False,missing,False
15/14,100.0,110.0,,,,6.3,14.2,,,,,,,,,,,2014,,,,,,,,,,,,,,,,,,,,,,,,False,False,missing,False
15А/12,0.0,6.0,1.47,0.14,6.1,7.0,,,14.5,5.75,1.06,0.84,22.2,24.0,900.0,25.2,8.5,2012,1.779,0.017,,0.255,0.973,0.294,0.03,0.213,0.027,2.34,42.99,31.57,4.92,12.03,6.15,23.1,2.44,45.33,48.52,6.15,46.02136111111111,60.699194444444444,30.0,True,True,surveyed,True
15А/12,6.0,16.0,0.97,0.1,5.7,5.7,,,10.5,11.0,1.91,0.92,24.3,6.0,1000.0,19.6,8.7,2012,,,,,,,,,,,,,,,,,,,,,46.02136111111111,60.699194444444444,30.0,True,True,surveyed,True
15А/12,16.0,26.0,0.57,0.04,7.9,4.1,,,7.25,6.25,0.55,0.38,14.4,6.0,600.0,16.8,9.0,2012,,,,,,,,,,,,,,,,,,,,,46.02136111111111,60.699194444444444,30.0,True,True,surveyed,True
15А/12,35.0,45.0,,,,8.3,,,,,,,,,,,9.0,2012,,,,,,,,,,,,,,,,,,,,,46.02136111111111,60.699194444444444,30.0,True,True,surveyed,True
15А/12,75.0,85.0,,,,21.3,,,,,,,,,,,9.5,2012,,,,,,,,,,,,,,,,,,,,,46.02136111111111,60.699194444444444,30.0,True,True,surveyed,True
16/13,0.0,6.0,0.38,0.042,5.2,2.9,6.5,,4.5,2.25,1.38,0.25,8.4,21.0,360.0,22.4,9.3,2013,0.086,0.037,0.004,,0.024,0.004,0.001,0.018,0.002,22.41,55.65,2.1,16.0,1.41,2.43,19.84,1.22,78.06,19.51,2.43,46.24327777777778,61.75663888888889,101.0,True,True,surveyed,True
16/13,6.0,16.0,0.36,0.042,5.0,2.0,4.5,,4.8,3.0,5.87,0.08,13.7,10.0,220.0,22.4,8.6,2013,,,,,,,,,,,,,,,,,,,,,46.24327777777778,61.75663888888889,101.0,True,True,surveyed,True
16/13,20.0,30.0,0.34,0.042,4.7,1.6,3.6,,9.5,3.0,2.3,0.05,14.9,6.0,90.0,19.6,8.3,2013,,,,,,,,,,,,,,,,,,,,,46.24327777777778,61.75663888888889,101.0,True,True,surveyed,True
16/13,40.0,50.0,0.14,0.014,5.8,1.2,2.8,0.4,6.0,2.75,2.14,0.05,10.9,4.0,80.0,19.6,8.7,2013,,,,,,,,,,,,,,,,,,,,,46.24327777777778,61.75663888888889,101.0,True,True,surveyed,True
16/14,0.0,8.0,0.52,0.028,10.8,5.8,13.1,,3.0,1.75,0.25,0.35,5.4,,,,,2014,0.065,0.029,,,0.014,0.004,0.001,0.003,0.014,,,,,,,,,,,,45.693194444444444,61.8015,31.2,True,True,surveyed,True
16/14,8.0,18.0,1.1,0.056,11.4,5.4,12.3,,12.5,2.0,0.15,0.35,15.0,,,,,2014,,,,,,,,,,,,,,,,,,,,,45.693194444444444,61.8015,31.2,True,True,surveyed,True
16/14,18.0,28.0,0.79,0.042,10.9,8.0,18.1,,13.5,2.25,0.04,0.7,16.5,,,,,2014,,,,,,,,,,,,,,,,,,,,,45.693194444444444,61.8015,31.2,True,True,surveyed,True
16/14,40.0,50.0,0.43,0.028,8.9,5.4,12.3,,3.25,2.25,0.07,0.2,5.8,,,,,2014,,,,,,,,,,,,,,,,,,,,,45.693194444444444,61.8015,31.2,True,True,surveyed,True
16/14,80.0,90.0,,,,8.8,20.1,,,,,,,,,,,2014,,,,,,,,,,,,,,,,,,,,,45.693194444444444,61.8015,31.2,True,True,surveyed,True
16А/12,0.0,5.0,0.3,0.03,6.2,2.1,,,10.0,22.0,1.12,0.16,33.3,,870.0,14.0,9.2,2012,5.516,0.024,0.005,1.277,2.494,0.249,0.328,1.038,0.061,12.64,27.89,30.83,8.52,10.14,9.98,28.64,1.4,40.53,49.489999999999995,9.98,45.719722222222224,60.25405555555555,24.0,True,True,surveyed,True
16А/12,5.0,11.0,0.47,0.01,19.5,4.9,,,8.5,12.0,1.6,0.46,22.6,11.0,750.0,11.2,9.1,2012,,,,,,,,,,,,,,,,,,,,,45.719722222222224,60.25405555555555,24.0,True,True,surveyed,True
16А/12,11.0,20.0,0.27,0.03,5.6,7.6,,,4.0,17.3,0.73,0.46,22.4,7.0,750.0,14.0,9.2,2012,,,,,,,,,,,,,,,,,,,,,45.719722222222224,60.25405555555555,24.0,True,True,surveyed,True
16А/12,22.0,32.0,,,,7.93,,,,,,,,,,,9.0,2012,,,,,,,,,,,,,,,,,,,,,45.719722222222224,60.25405555555555,24.0,True,True,surveyed,True
16А/12,39.0,49.0,,,,6.84,,,,,,,,,,,8.9,2012,,,,,,,,,,,,,,,,,,,,,45.719722222222224,60.25405555555555,24.0,True,True,surveyed,True
17/13,0.0,5.0,0.55,0.056,5.7,1.6,3.7,,27.8,4.5,4.31,0.79,37.4,21.0,1300.0,16.8,8.5,2013,0.103,0.044,0.004,0.008,0.02,0.004,0.001,0.024,0.002,0.18,19.98,9.76,28.06,5.29,36.73,70.08,1.64,20.16,43.11,36.73,46.25958333333333,61.80172222222222,63.0,True,True,surveyed,True
17/13,7.0,17.0,0.48,0.056,5.0,1.6,3.7,,24.0,4.0,11.0,0.42,39.4,12.0,1000.0,19.6,8.8,2013,,,,,,,,,,,,,,,,,,,,,46.25958333333333,61.80172222222222,63.0,True,True,surveyed,True
17/13,25.0,35.0,0.55,0.028,11.4,1.8,4.1,0.8,19.5,3.25,12.2,0.33,35.3,12.0,950.0,22.4,8.4,2013,,,,,,,,,,,,,,,,,,,,,46.25958333333333,61.80172222222222,63.0,True,True,surveyed,True
17/13,50.0,60.0,0.41,0.014,17.0,1.6,3.7,0.5,16.0,2.25,17.3,0.23,35.8,12.0,830.0,19.6,8.3,2013,,,,,,,,,,,,,,,,,,,,,46.25958333333333,61.80172222222222,63.0,True,True,surveyed,True
17/13,70.0,80.0,,,,1.6,3.6,3.7,,,,,,,,,8.0,2013,,,,,,,,,,,,,,,,,,,,,46.25958333333333,61.80172222222222,63.0,True,True,surveyed,True
17/14,0.0,7.0,3.27,0.14,13.5,6.4,14.5,,15.5,3.5,0.2,0.47,19.7,,,,,2014,0.381,0.029,,0.006,0.235,0.057,0.017,0.02,0.017,,,,,,,,,,,,45.66752777777778,61.933527777777776,35.5,True,True,surveyed,True
17/14,10.0,20.0,1.03,0.042,14.2,4.3,9.7,,7.5,2.5,0.01,0.21,10.2,,,,,2014,,,,,,,,,,,,,,,,,,,,,45.66752777777778,61.933527777777776,35.5,True,True,surveyed,True
17/14,25.0,35.0,1.29,0.07,10.7,8.5,19.3,,14.5,8.0,0.01,0.41,22.9,,,,,2014,,,,,,,,,,,,,,,,,,,,,45.66752777777778,61.933527777777776,35.5,True,True,surveyed,True
17/14,45.0,55.0,1.02,0.056,10.6,8.5,19.3,,11.5,6.75,0.47,0.23,19.0,,,,,2014,,,,,,,,,,,,,,,,,,,,,45.66752777777778,61.933527777777776,35.5,True,True,surveyed,True
17/14,90.0,100.0,,,,10.9,24.7,,,,,,,,,,,2014,,,,,,,,,,,,,,,,,,,,,45.66752777777778,61.933527777777776,35.5,True,True,surveyed,True
17А/12,0.0,5.0,0.23,0.01,9.5,5.15,,,9.0,5.0,0.62,0.24,14.9,2.0,400.0,14.0,9.1,2012,4.681,0.022,0.002,0.221,2.94,0.294,0.03,1.153,0.021,2.32,43.75,30.29,10.37,5.39,7.88,23.65,3.58,46.07,46.05,7.88,45.72475,60.25933333333333,22.0,True,True,surveyed,True
17А/12,5.0,10.0,0.43,0.03,8.9,6.52,,,3.3,2.0,0.87,0.45,6.6,4.0,380.0,11.2,9.5,2012,,,,,,,,,,,,,,,,,,,,,45.72475,60.25933333333333,22.0,True,True,surveyed,True
17А/12,10.0,21.0,0.13,0.01,5.4,6.05,,,9.0,3.5,0.72,0.3,13.5,7.0,430.0,8.4,9.1,2012,,,,,,,,,,,,,,,,,,,,,45.72475,60.25933333333333,22.0,True,True,surveyed,True
18/14,0.0,8.0,2.69,0.14,11.1,3.0,6.7,,17.5,6.5,0.45,0.74,25.2,,,,,2014,1.825,0.032,,0.127,1.13,0.238,0.087,0.179,0.032,,,,,,,,,,,,45.69969444444444,61.59225,29.6,True,True,surveyed,True
18/14,8.0,18.0,1.79,0.098,10.6,3.2,7.4,,11.0,14.3,1.5,0.43,27.2,,,,,2014,,,,,,,,,,,,,,,,,,,,,45.69969444444444,61.59225,29.6,True,True,surveyed,True
18/14,20.0,30.0,0.81,0.056,8.4,5.6,12.8,,7.5,20.3,2.7,0.22,30.7,,,,,2014,,,,,,,,,,,,,,,,,,,,,45.69969444444444,61.59225,29.6,True,True,surveyed,True
18/14,30.0,40.0,0.79,0.056,8.2,7.3,16.6,,10.5,16.0,0.4,0.2,27.1,,,,,2014,,,,,,,,,,,,,,,,,,,,,45.69969444444444,61.59225,29.6,True,True,surveyed,True
18/14,80.0,90.0,,,,9.8,22.4,,,,,,,,,,,2014,,,,,,,,,,,,,,,,,,,,,45.69969444444444,61.59225,29.6,True,True,surveyed,True
18А/12,0.0,5.0,0.53,0.04,7.3,1.63,,,8.5,13.0,3.99,0.23,25.7,,720.0,25.2,8.9,2012,17.77,0.039,0.007,0.78,11.21,0.294,0.149,5.24,0.054,6.19,57.68,10.8,2.08,9.14,14.12,25.33,3.68,63.87,22.020000000000003,14.12,45.73072222222223,60.27125,23.0,True,True,surveyed,True
18А/12,7.0,17.0,0.8,0.04,11.0,5.83,,,8.0,19.5,2.77,0.9,31.2,7.0,1000.0,22.4,9.4,2012,,,,,,,,,,,,,,,,,,,,,45.73072222222223,60.27125,23.0,True,True,surveyed,True
18А/12,20.0,30.0,0.92,0.04,12.7,7.31,,,6.0,30.5,1.22,1.05,38.8,11.0,1400.0,14.0,8.9,2012,,,,,,,,,,,,,,,,,,,,,45.73072222222223,60.27125,23.0,True,True,surveyed,True
18А/12,34.0,44.0,,,,8.88,,,,,,,,,,,8.9,2012,,,,,,,,,,,,,,,,,,,,,45.73072222222223,60.27125,23.0,True,True,surveyed,True
18А/12,50.0,60.0,,,,8.54,,,,,,,,,,,8.9,2012,,,,,,,,,,,,,,,,,,,,,45.73072222222223,60.27125,23.0,True,True,surveyed,True
18А/12,80.0,90.0,,,,8.41,,,,,,,,,,,9.1,2012,,,,,,,,,,,,,,,,,,,,,45.73072222222223,60.27125,23.0,True,True,surveyed,True
19/13,0.0,5.0,0.38,0.042,5.2,1.3,2.9,,3.5,2.0,1.0,0.22,6.7,10.0,830.0,22.4,9.2,2013,0.06,0.024,0.001,0.001,0.018,0.006,0.002,0.006,0.003,11.91,67.17,6.84,7.24,1.61,5.23,14.08,0.58,79.08,15.69,5.23,46.3815,61.78086111111111,75.0,True,True,surveyed,True
19/13,5.0,14.0,0.21,0.028,4.4,1.7,3.8,,4.25,2.5,1.81,0.18,8.7,15.0,830.0,16.8,9.6,2013,,,,,,,,,,,,,,,,,,,,,46.3815,61.78086111111111,75.0,True,True,surveyed,True
19/13,17.0,27.0,0.38,0.028,7.9,1.5,3.4,,8.5,3.0,3.68,0.05,15.2,3.0,360.0,22.4,9.1,2013,,,,,,,,,,,,,,,,,,,,,46.3815,61.78086111111111,75.0,True,True,surveyed,True
19/13,31.0,41.0,0.27,0.014,11.2,0.8,1.8,0.6,6.0,2.25,8.42,0.03,16.7,6.0,170.0,19.6,8.9,2013,,,,,,,,,,,,,,,,,,,,,46.3815,61.78086111111111,75.0,True,True,surveyed,True
19/13,70.0,80.0,,,,0.7,1.6,0.8,,,,,,,,,8.2,2013,,,,,,,,,,,,,,,,,,,,,46.3815,61.78086111111111,75.0,True,True,surveyed,True
19/14,0.0,10.0,2.45,0.14,10.2,3.7,8.4,,13.5,10.8,0.09,0.31,24.7,194.0,330.0,47.6,,2014,0.558,0.027,,0.011,0.352,0.067,0.012,0.082,0.007,,,,,,,,,,,,45.684305555555554,61.61361111111111,29.0,True,True,surveyed,True
19/14,10.0,20.0,1.83,0.126,8.4,3.7,8.5,,13.0,3.0,0.2,0.39,16.6,97.0,430.0,53.2,,2014,,,,,,,,,,,,,,,,,,,,,45.684305555555554,61.61361111111111,29.0,True,True,surveyed,True
19/14,20.0,30.0,2.41,0.112,12.5,3.9,8.9,,13.0,4.25,0.1,0.39,17.7,73.0,470.0,42.0,,2014,,,,,,,,,,,,,,,,,,,,,45.684305555555554,61.61361111111111,29.0,True,True,surveyed,True
19/14,30.0,40.0,1.45,0.098,8.6,8.0,18.2,,,,,,,,,,,2014,,,,,,,,,,,,,,,,,,,,,45.684305555555554,61.61361111111111,29.0,True,True,surveyed,True
19А/12,0.0,4.0,0.77,0.04,10.6,5.97,,,9.5,28.5,0.57,0.11,38.7,2.0,920.0,19.6,9.2,2012,7.769,0.027,0.007,1.829,3.471,0.49,0.417,1.468,0.067,15.6,6.17,57.75,7.37,6.55,6.55,20.48,2.34,21.77,71.67,6.55,45.71344444444445,60.293416666666666,20.0,True,True,surveyed,True
19А/12,4.0,10.0,0.63,0.04,8.7,4.4,,,10.5,14.25,1.35,0.19,26.3,,700.0,16.8,9.2,2012,,,,,,,,,,,,,,,,,,,,,45.71344444444445,60.293416666666666,20.0,True,True,surveyed,True
19А/12,10.0,20.0,0.77,0.06,8.0,8.48,,,9.25,22.5,0.74,0.66,33.2,4.0,1020.0,25.2,9.0,2012,,,,,,,,,,,,,,,,,,,,,45.71344444444445,60.293416666666666,20.0,True,True,surveyed,True
19А/12,22.0,32.0,0.37,0.03,7.7,11.86,,,7.25,12.0,0.62,0.36,20.2,2.0,700.0,30.8,9.4,2012,,,,,,,,,,,,,,,,,,,,,45.71344444444445,60.293416666666666,20.0,True,True,surveyed,True
19А/12,65.0,75.0,,,,9.43,,,,,,,,,,,8.8,2012,,,,,,,,,,,,,,,,,,,,,45.71344444444445,60.293416666666666,20.0,True,True,surveyed,True
1А/12,0.0,6.0,0.6,0.01,24.9,5.4,,,4.25,0.25,0.38,0.22,5.1,73.0,250.0,25.2,8.1,2012,0.093,0.032,,0.006,0.027,0.01,0.003,0.007,0.008,3.49,80.87,7.22,0.8,2.41,5.22,8.43,0.28,84.36,10.43,5.22,46.09297222222222,60.86783333333334,40.0,True,True,surveyed,True
1А/12,6.0,12.0,0.37,0.01,15.3,5.8,,,2.75,0.25,0.42,0.27,3.7,20.0,200.0,14.0,9.0,2012,,,,,,,,,,,,,,,,,,,,,46.09297222222222,60.86783333333334,40.0,True,True,surveyed,True
1А/12,15.0,25.0,0.43,0.03,8.9,9.1,,,5.75,2.25,0.81,0.55,9.4,6.0,470.0,16.8,8.7,2012,,,,,,,,,,,,,,,,,,,,,46.09297222222222,60.86783333333334,40.0,True,True,surveyed,True
1А/12,28.0,38.0,0.4,0.03,8.3,7.7,,,15.5,8.0,1.07,0.25,24.8,4.0,260.0,11.2,8.6,2012,,,,,,,,,,,,,,,,,,,,,46.09297222222222,60.86783333333334,40.0,True,True,surveyed,True
1А/12,70.0,80.0,,,,7.9,,,,,,,,,,,8.7,2012,,,,,,,,,,,,,,,,,,,,,46.09297222222222,60.86783333333334,40.0,True,True,surveyed,True
20/13,0.0,8.0,0.65,0.042,9.0,,,,3.75,2.0,0.95,0.26,7.0,32.0,120.0,25.2,8.6,2013,0.041,0.017,,0.001,0.011,0.004,0.001,0.004,0.003,40.27,47.24,1.21,5.24,2.02,4.03,11.29,0.76,87.51,8.47,4.03,46.367416666666664,61.686249999999994,70.0,True,True,surveyed,True
20/13,9.0,19.0,0.45,0.028,9.3,,,,3.75,2.0,0.98,0.37,7.1,12.0,230.0,22.4,8.8,2013,,,,,,,,,,,,,,,,,,,,,46.367416666666664,61.686249999999994,70.0,True,True,surveyed,True
20/13,25.0,35.0,0.41,0.028,8.5,1.4,3.1,0.4,3.75,2.0,0.84,0.19,6.8,10.0,370.0,19.6,9.3,2013,,,,,,,,,,,,,,,,,,,,,46.367416666666664,61.686249999999994,70.0,True,True,surveyed,True
20/13,45.0,55.0,0.24,0.056,2.5,1.3,3.0,0.5,4.0,2.25,1.11,0.18,7.5,6.0,250.0,16.8,8.9,2013,,,,,,,,,,,,,,,,,,,,,46.367416666666664,61.686249999999994,70.0,True,True,surveyed,True
20/13,80.0,90.0,,,,0.8,1.8,0.4,,,,,,,,,9.1,2013,,,,,,,,,,,,,,,,,,,,,46.367416666666664,61.686249999999994,70.0,True,True,surveyed,True
20А/12,0.0,5.0,0.67,0.04,9.3,2.99,,,10.25,19.0,1.88,0.19,31.3,,770.0,25.2,9.5,2012,8.054,0.039,0.014,1.235,4.307,0.392,0.417,1.605,0.059,12.65,65.75,4.89,3.67,8.97,4.08,16.71,1.84,78.4,17.53,4.08,45.70897222222222,60.316861111111116,20.0,True,True,surveyed,True
20А/12,5.0,11.0,0.4,0.04,5.5,3.7,,,14.0,1.5,1.16,0.18,16.8,,220.0,16.8,8.9,2012,,,,,,,,,,,,,,,,,,,,,45.70897222222222,60.316861111111116,20.0,True,True,surveyed,True
20А/12,12.0,22.0,1.17,0.04,16.2,15.4,,,9.5,3.0,1.72,0.54,14.8,,750.0,19.6,8.7,2012,,,,,,,,,,,,,,,,,,,,,45.70897222222222,60.316861111111116,20.0,True,True,surveyed,True
20А/12,27.0,37.0,,,,10.5,,,,,,,,,,,8.7,2012,,,,,,,,,,,,,,,,,,,,,45.70897222222222,60.316861111111116,20.0,True,True,surveyed,True
20А/12,90.0,100.0,,,,8.4,,,,,,,,,,,9.0,2012,,,,,,,,,,,,,,,,,,,,,45.70897222222222,60.316861111111116,20.0,True,True,surveyed,True
21/13,0.0,9.0,0.27,0.028,5.6,,,,2.0,2.0,0.96,0.12,5.1,29.0,170.0,22.4,8.4,2013,0.032,0.017,,,0.006,0.004,0.001,0.001,0.003,23.93,61.2,7.23,0.4,1.21,6.03,7.64,0.46,85.13,8.84,6.03,46.49675,61.62433333333333,62.0,True,True,surveyed,True
21/13,12.0,22.0,0.26,0.028,5.4,,,,2.0,2.0,0.96,0.24,5.2,30.0,210.0,19.6,8.6,2013,,,,,,,,,,,,,,,,,,,,,46.49675,61.62433333333333,62.0,True,True,surveyed,True
21/13,30.0,40.0,0.24,0.042,3.3,0.5,1.0,,2.5,1.75,1.0,0.34,5.6,21.0,300.0,22.4,8.9,2013,,,,,,,,,,,,,,,,,,,,,46.49675,61.62433333333333,62.0,True,True,surveyed,True
21/13,50.0,60.0,,,,0.4,1.0,,,,,,,,,,9.2,2013,,,,,,,,,,,,,,,,,,,,,46.49675,61.62433333333333,62.0,True,True,surveyed,True
21/13,80.0,90.0,,,,0.2,0.4,,,,,,,,,,9.0,2013,,,,,,,,,,,,,,,,,,,,,46.49675,61.62433333333333,62.0,True,True,surveyed,True
21/14,0.0,5.0,0.36,0.014,14.9,5.5,12.5,,4.0,1.5,0.22,0.17,5.9,22.0,400.0,19.6,,2014,0.043,0.02,0.002,,0.011,0.006,0.001,0.002,0.003,,,,,,,,,,,,45.63622222222222,61.61516666666667,32.6,True,True,surveyed,True
21/14,5.0,13.0,0.31,0.014,12.8,12.0,27.3,,4.0,1.5,0.18,0.23,5.9,2.0,300.0,11.2,,2014,,,,,,,,,,,,,,,,,,,,,45.63622222222222,61.61516666666667,32.6,True,True,surveyed,True
21/14,14.0,24.0,0.27,0.014,11.2,1.9,4.3,,4.5,1.75,0.18,0.28,6.7,,260.0,25.2,,2014,,,,,,,,,,,,,,,,,,,,,45.63622222222222,61.61516666666667,32.6,True,True,surveyed,True
21/14,26.0,36.0,0.26,0.014,10.8,1.5,3.5,,4.25,2.0,0.21,0.23,6.7,44.0,480.0,14.0,,2014,,,,,,,,,,,,,,,,,,,,,45.63622222222222,61.61516666666667,32.6,True,True,surveyed,True
21/14,90.0,100.0,,,,0.6,1.3,,,,,,,,,,,2014,,,,,,,,,,,,,,,,,,,,,45.63622222222222,61.61516666666667,32.6,True,True,surveyed,True
22А/12,0.0,3.0,0.43,0.03,8.9,18.2,,,12.0,2.75,1.28,0.83,16.9,2.0,180.0,19.6,8.5,2012,1.235,0.012,,0.022,0.844,0.294,0.03,0.022,0.011,6.24,63.39,9.72,4.56,4.46,11.75,20.76,1.24,69.63,18.740000000000002,11.75,45.697694444444444,60.42080555555555,25.0,True,True,surveyed,True
22А/12,5.0,12.0,1.14,0.06,11.8,19.5,,,10.5,4.5,1.52,0.06,16.6,4.0,450.0,22.4,8.6,2012,,,,,,,,,,,,,,,,,,,,,45.697694444444444,60.42080555555555,25.0,True,True,surveyed,True
22А/12,16.0,26.0,0.7,0.07,5.8,22.0,,,6.0,3.25,3.71,0.6,13.6,7.0,280.0,19.6,8.9,2012,,,,,,,,,,,,,,,,,,,,,45.697694444444444,60.42080555555555,25.0,True,True,surveyed,True
22А/12,31.0,41.0,,,,15.2,,,,,,,,,,,9.1,2012,,,,,,,,,,,,,,,,,,,,,45.697694444444444,60.42080555555555,25.0,True,True,surveyed,True
22А/12,70.0,80.0,,,,10.0,,,,,,,,,,,8.9,2012,,,,,,,,,,,,,,,,,,,,,45.697694444444444,60.42080555555555,25.0,True,True,surveyed,True
23/14,0.0,7.0,1.34,0.084,9.3,6.9,15.8,,8.0,2.0,0.25,0.49,10.7,14.0,560.0,39.2,,2014,0.073,0.041,0.002,0.001,0.009,0.006,0.001,0.007,0.008,,,,,,,,,,,,45.60194444444445,61.563027777777776,27.4,True,True,surveyed,True
23/14,7.0,17.0,1.24,0.07,10.3,7.0,15.8,,7.75,2.25,0.27,0.41,10.7,2.0,340.0,42.0,,2014,,,,,,,,,,,,,,,,,,,,,45.60194444444445,61.563027777777776,27.4,True,True,surveyed,True
23А/12,0.0,7.0,0.2,0.06,2.1,6.1,,,10.0,6.5,0.42,0.11,17.0,6.0,480.0,19.6,8.7,2012,2.027,0.015,,0.2,1.186,0.319,0.045,0.237,0.025,0.96,42.87,28.5,5.29,6.92,15.47,27.68,1.74,43.83,40.71,15.47,45.77761111111111,60.464555555555556,28.0,True,True,surveyed,True
23А/12,7.0,13.0,0.17,0.04,2.3,7.4,,,9.0,3.5,1.2,0.39,14.1,2.0,500.0,11.2,9.1,2012,,,,,,,,,,,,,,,,,,,,,45.77761111111111,60.464555555555556,28.0,True,True,surveyed,True
23А/12,14.0,24.0,0.13,0.06,1.3,7.5,,,7.0,1.0,1.72,0.7,10.4,2.0,400.0,8.4,9.0,2012,,,,,,,,,,,,,,,,,,,,,45.77761111111111,60.464555555555556,28.0,True,True,surveyed,True
23А/12,29.0,39.0,0.47,0.04,6.5,9.4,,,6.5,12.0,1.25,0.16,19.9,2.0,660.0,19.6,9.0,2012,,,,,,,,,,,,,,,,,,,,,45.77761111111111,60.464555555555556,28.0,True,True,surveyed,True
23А/12,48.0,58.0,,,,8.1,,,,,,,,,,,8.9,2012,,,,,,,,,,,,,,,,,,,,,45.77761111111111,60.464555555555556,28.0,True,True,surveyed,True
23А/12,75.0,85.0,,,,7.9,,,,,,,,,,,9.2,2012,,,,,,,,,,,,,,,,,,,,,45.77761111111111,60.464555555555556,28.0,True,True,surveyed,True
24/13,0.0,5.0,1.0,0.084,6.9,,,,4.5,2.25,1.36,0.92,9.0,45.0,1200.0,30.8,8.8,2013,0.087,0.039,,0.001,0.019,0.005,0.001,0.01,0.012,18.76,51.3,9.57,9.98,1.66,8.73,20.38,3.44,70.06,21.21,8.73,46.37130555555556,61.57161111111112,66.0,True,True,surveyed,True
24/13,6.0,16.0,0.31,0.042,4.3,2.4,5.3,,5.5,2.0,1.07,0.25,8.8,15.0,530.0,25.2,8.2,2013,,,,,,,,,,,,,,,,,,,,,46.37130555555556,61.57161111111112,66.0,True,True,surveyed,True
24/13,18.0,28.0,0.52,0.042,7.2,,,,11.5,2.5,2.32,0.11,16.4,3.0,390.0,22.4,9.0,2013,,,,,,,,,,,,,,,,,,,,,46.37130555555556,61.57161111111112,66.0,True,True,surveyed,True
24/13,35.0,45.0,0.38,0.028,7.9,0.9,2.1,0.7,13.0,5.75,5.42,0.05,24.2,3.0,170.0,22.4,8.9,2013,,,,,,,,,,,,,,,,,,,,,46.37130555555556,61.57161111111112,66.0,True,True,surveyed,True
24/13,60.0,70.0,,,,,,15.2,,,,,,,,,6.3,2013,,,,,,,,,,,,,,,,,,,,,46.37130555555556,61.57161111111112,66.0,True,True,surveyed,True
24/14,0.0,10.0,1.02,0.084,7.0,5.8,13.3,,7.25,2.25,0.27,0.65,10.4,14.0,500.0,30.8,,2014,0.143,0.02,,,0.075,0.014,0.003,0.008,0.023,,,,,,,,,,,,45.60194444444445,61.56366975961089,,True,True,recovered_offset,True
24/14,12.0,22.0,0.96,0.056,9.9,5.4,12.3,,6.75,2.25,0.29,0.47,9.8,2.0,200.0,33.6,,2014,,,,,,,,,,,,,,,,,,,,,45.60194444444445,61.56366975961089,,True,True,recovered_offset,True
24/14,27.0,37.0,0.69,0.028,14.3,5.0,11.3,,6.75,1.5,0.21,0.23,8.7,2.0,200.0,28.0,,2014,,,,,,,,,,,,,,,,,,,,,45.60194444444445,61.56366975961089,,True,True,recovered_offset,True
24/14,50.0,60.0,,,,4.3,9.7,,,,,,,,,,,2014,,,,,,,,,,,,,,,,,,,,,45.60194444444445,61.56366975961089,,True,True,recovered_offset,True
24/14,100.0,110.0,,,,9.3,21.2,,,,,,,,,,,2014,,,,,,,,,,,,,,,,,,,,,45.60194444444445,61.56366975961089,,True,True,recovered_offset,True
24А/12,0.0,4.0,0.83,0.06,8.6,4.1,,,10.5,16.5,0.98,1.06,29.0,,1400.0,22.4,9.1,2012,7.701,0.024,0.005,1.463,3.701,0.49,0.209,1.713,0.101,12.34,15.19,14.98,8.5,13.36,35.63,57.49,1.2,27.53,36.84,35.63,45.78938888888889,60.4445,27.0,True,True,surveyed,True
24А/12,4.0,14.0,1.07,0.07,8.9,10.2,,,7.5,10.0,1.01,0.95,19.5,2.0,1000.0,25.2,9.0,2012,,,,,,,,,,,,,,,,,,,,,45.78938888888889,60.4445,27.0,True,True,surveyed,True
24А/12,18.0,28.0,0.94,0.07,7.8,10.1,,,7.0,15.5,2.32,0.89,25.7,2.0,950.0,14.0,9.0,2012,,,,,,,,,,,,,,,,,,,,,45.78938888888889,60.4445,27.0,True,True,surveyed,True
24А/12,36.0,46.0,,,,7.2,,,,,,,,,,,8.9,2012,,,,,,,,,,,,,,,,,,,,,45.78938888888889,60.4445,27.0,True,True,surveyed,True
24А/12,75.0,85.0,,,,7.9,,,,,,,,,,,9.1,2012,,,,,,,,,,,,,,,,,,,,,45.78938888888889,60.4445,27.0,True,True,surveyed,True
25/13,0.0,5.0,0.45,0.037,7.1,,,,2.25,2.0,1.02,0.17,5.4,20.0,170.0,16.8,8.6,2013,0.046,0.02,,,0.013,0.008,0.001,0.001,0.003,40.41,47.1,1.21,1.21,5.64,4.44,11.28,0.82,87.50999999999999,8.059999999999999,4.44,46.321472222222226,61.490972222222226,55.0,True,True,surveyed,True
25/13,7.0,17.0,0.31,0.018,10.0,,,,2.5,2.5,1.04,0.17,6.2,6.0,190.0,11.2,8.8,2013,,,,,,,,,,,,,,,,,,,,,46.321472222222226,61.490972222222226,55.0,True,True,surveyed,True
25/13,30.0,40.0,0.14,0.018,4.5,1.2,2.8,,1.75,2.5,0.95,0.11,5.3,3.0,160.0,14.0,9.1,2013,,,,,,,,,,,,,,,,,,,,,46.321472222222226,61.490972222222226,55.0,True,True,surveyed,True
25/13,55.0,65.0,,,,0.8,1.8,,,,,,,,,,8.8,2013,,,,,,,,,,,,,,,,,,,,,46.321472222222226,61.490972222222226,55.0,True,True,surveyed,True
25/13,90.0,100.0,,,,0.5,1.1,,,,,,,,,,8.9,2013,,,,,,,,,,,,,,,,,,,,,46.321472222222226,61.490972222222226,55.0,True,True,surveyed,True
25/14,0.0,7.0,0.48,0.028,9.9,6.0,13.7,,3.75,1.5,0.2,0.2,5.7,40.0,530.0,5.6,,2014,0.04,0.017,,0.001,0.01,0.004,0.001,0.003,0.004,,,,,,,,,,,,,,,False,False,missing,False
25/14,7.0,14.0,0.93,0.056,9.6,7.4,16.9,,11.25,2.5,0.08,0.42,14.3,,240.0,30.8,,2014,,,,,,,,,,,,,,,,,,,,,,,,False,False,missing,False
25/14,14.0,23.0,0.86,0.056,8.9,9.3,21.1,,10.5,7.75,0.8,0.2,19.3,,230.0,33.6,,2014,,,,,,,,,,,,,,,,,,,,,,,,False,False,missing,False
25/14,30.0,40.0,0.79,0.042,10.9,9.5,21.7,,12.0,15.0,0.7,0.18,27.9,,170.0,22.4,,2014,,,,,,,,,,,,,,,,,,,,,,,,False,False,missing,False
25/14,70.0,80.0,,,,9.1,20.6,,,,,,,,,,,2014,,,,,,,,,,,,,,,,,,,,,,,,False,False,missing,False
26/13,0.0,4.0,0.52,0.07,4.3,0.8,1.8,,2.75,2.75,1.51,0.35,7.4,42.0,500.0,25.2,9.3,2013,0.094,0.041,0.004,0.006,0.019,0.004,0.001,0.02,0.003,21.85,48.84,4.0,17.15,3.27,4.9,25.32,2.04,70.69,24.419999999999998,4.9,46.225861111111115,61.39,32.0,True,True,surveyed,True
26/13,4.0,14.0,0.34,0.056,3.5,0.5,1.1,,4.0,2.25,5.42,0.16,11.8,33.0,620.0,22.4,9.8,2013,,,,,,,,,,,,,,,,,,,,,46.225861111111115,61.39,32.0,True,True,surveyed,True
26/13,14.0,22.0,0.27,0.042,3.7,0.6,1.3,,2.5,2.25,5.21,0.15,10.1,29.0,280.0,25.2,9.5,2013,,,,,,,,,,,,,,,,,,,,,46.225861111111115,61.39,32.0,True,True,surveyed,True
26/13,22.0,31.0,0.24,0.042,3.3,1.2,2.7,,2.0,2.5,3.81,0.12,8.4,29.0,150.0,28.0,9.4,2013,,,,,,,,,,,,,,,,,,,,,46.225861111111115,61.39,32.0,True,True,surveyed,True
26/13,31.0,41.0,0.21,0.028,4.4,4.2,9.6,2.0,8.0,6.5,3.63,0.04,18.2,33.0,340.0,28.0,8.5,2013,,,,,,,,,,,,,,,,,,,,,46.225861111111115,61.39,32.0,True,True,surveyed,True
26/13,65.0,75.0,,,,1.9,4.3,1.2,,,,,,,,,7.2,2013,,,,,,,,,,,,,,,,,,,,,46.225861111111115,61.39,32.0,True,True,surveyed,True
27/13,0.0,5.0,0.62,0.056,6.4,0.6,1.5,,2.5,3.5,0.77,0.27,7.0,42.0,270.0,19.6,8.7,2013,0.043,0.027,,0.003,0.001,0.006,0.001,0.002,0.003,18.49,60.04,13.37,5.67,0.81,1.62,8.1,1.26,78.53,19.849999999999998,1.62,46.225861111111115,61.39,32.0,True,True,surveyed,True
27/13,10.0,20.0,0.41,0.042,5.7,0.9,2.1,,2.5,3.0,0.75,0.3,6.6,29.0,290.0,28.0,8.9,2013,,,,,,,,,,,,,,,,,,,,,46.225861111111115,61.39,32.0,True,True,surveyed,True
27/13,28.0,38.0,0.38,0.028,7.9,2.5,5.6,0.8,3.25,3.0,0.86,0.35,7.5,20.0,540.0,25.2,9.1,2013,,,,,,,,,,,,,,,,,,,,,46.225861111111115,61.39,32.0,True,True,surveyed,True
27/13,50.0,60.0,0.34,0.028,7.0,2.8,6.3,0.7,8.0,2.5,1.49,0.21,12.2,29.0,500.0,25.2,8.4,2013,,,,,,,,,,,,,,,,,,,,,46.225861111111115,61.39,32.0,True,True,surveyed,True
27/13,70.0,80.0,,,,1.8,4.1,1.0,,,,,,,,,8.0,2013,,,,,,,,,,,,,,,,,,,,,46.225861111111115,61.39,32.0,True,True,surveyed,True
28/13,0.0,10.0,0.27,0.028,5.6,,,,2.75,2.0,0.71,0.14,5.6,35.0,120.0,25.2,8.6,2013,0.049,0.022,,,0.014,0.008,0.002,0.001,0.002,46.93,48.64,2.01,0.4,0.81,1.21,2.42,0.84,95.57,3.2199999999999998,1.21,46.21738888888889,61.27475,40.0,True,True,surveyed,True
28/13,13.0,23.0,0.55,0.028,11.4,0.6,1.3,,3.25,2.5,0.66,0.21,6.6,29.0,250.0,22.4,8.7,2013,,,,,,,,,,,,,,,,,,,,,46.21738888888889,61.27475,40.0,True,True,surveyed,True
28/13,30.0,40.0,0.17,0.014,7.0,,,2.5,8.0,5.5,0.44,0.06,14.0,20.0,220.0,22.4,8.0,2013,,,,,,,,,,,,,,,,,,,,,46.21738888888889,61.27475,40.0,True,True,surveyed,True
28/13,55.0,65.0,0.1,0.028,2.1,1.4,3.1,1.0,5.75,2.75,0.69,0.28,9.5,20.0,540.0,19.6,8.5,2013,,,,,,,,,,,,,,,,,,,,,46.21738888888889,61.27475,40.0,True,True,surveyed,True
28/13,90.0,100.0,,,,0.9,2.0,0.5,,,,,,,,,9.0,2013,,,,,,,,,,,,,,,,,,,,,46.21738888888889,61.27475,40.0,True,True,surveyed,True
28/14,0.0,8.0,2.03,0.126,9.3,6.8,15.5,,11.25,2.5,4.2,0.43,18.4,,,,,2014,2.635,0.032,,0.089,1.719,0.19,0.087,0.5,0.018,,,,,,,,,,,,45.79738888888889,61.70741666666667,32.4,True,True,surveyed,True
28/14,8.0,18.0,1.21,0.098,7.2,9.0,20.4,,5.5,7.5,6.3,0.5,19.8,,,,,2014,,,,,,,,,,,,,,,,,,,,,45.79738888888889,61.70741666666667,32.4,True,True,surveyed,True
28/14,20.0,30.0,0.86,0.042,11.9,9.8,22.3,,8.5,20.5,2.7,0.2,31.9,,,,,2014,,,,,,,,,,,,,,,,,,,,,45.79738888888889,61.70741666666667,32.4,True,True,surveyed,True
28/14,31.0,41.0,,,,9.4,21.4,,,,,,,,,,,2014,,,,,,,,,,,,,,,,,,,,,45.79738888888889,61.70741666666667,32.4,True,True,surveyed,True
28/14,80.0,90.0,,,,8.9,20.2,,,,,,,,,,,2014,,,,,,,,,,,,,,,,,,,,,45.79738888888889,61.70741666666667,32.4,True,True,surveyed,True
29/13,0.0,4.0,0.34,0.042,4.7,,,,1.75,1.5,1.03,0.18,4.5,42.0,190.0,22.4,8.7,2013,0.042,0.022,,,0.008,0.006,0.001,0.001,0.004,40.46,44.28,7.23,6.02,0.4,1.61,8.03,0.4,84.74000000000001,13.65,1.61,46.176249999999996,61.25863888888889,47.0,True,True,surveyed,True
29/13,6.0,16.0,0.21,0.042,2.9,,,,1.75,1.75,0.85,0.16,4.5,24.0,150.0,19.6,9.0,2013,,,,,,,,,,,,,,,,,,,,,46.176249999999996,61.25863888888889,47.0,True,True,surveyed,True
29/13,28.0,38.0,0.27,0.028,5.6,1.8,4.0,,3.25,1.75,0.96,0.15,6.1,24.0,190.0,19.6,8.9,2013,,,,,,,,,,,,,,,,,,,,,46.176249999999996,61.25863888888889,47.0,True,True,surveyed,True
29/13,55.0,65.0,,,,1.9,4.4,,,,,,,,,,8.8,2013,,,,,,,,,,,,,,,,,,,,,46.176249999999996,61.25863888888889,47.0,True,True,surveyed,True
29/13,85.0,95.0,,,,1.1,2.6,,,,,,,,,,8.9,2013,,,,,,,,,,,,,,,,,,,,,46.176249999999996,61.25863888888889,47.0,True,True,surveyed,True
29/14,0.0,8.0,1.1,0.042,15.2,4.6,10.5,,14.25,5.75,18.3,0.18,38.5,,,,,2014,3.759,0.012,,0.838,1.656,0.286,0.058,0.895,0.014,,,,,,,,,,,,45.72175,61.706583333333334,33.3,True,True,surveyed,True
29/14,9.0,19.0,0.71,0.028,14.7,7.8,17.7,,3.5,3.25,0.8,0.18,7.7,,,,,2014,,,,,,,,,,,,,,,,,,,,,45.72175,61.706583333333334,33.3,True,True,surveyed,True
29/14,20.0,30.0,,,,8.0,18.2,,,,,,,,,,,2014,,,,,,,,,,,,,,,,,,,,,45.72175,61.706583333333334,33.3,True,True,surveyed,True
29/14,30.0,40.0,,,,8.2,18.7,,,,,,,,,,,2014,,,,,,,,,,,,,,,,,,,,,45.72175,61.706583333333334,33.3,True,True,surveyed,True
29/14,100.0,110.0,,,,7.5,17.1,,,,,,,,,,,2014,,,,,,,,,,,,,,,,,,,,,45.72175,61.706583333333334,33.3,True,True,surveyed,True
2А/12,0.0,6.0,1.14,0.11,5.9,7.4,,,19.25,1.5,0.38,0.27,21.4,200.0,370.0,44.8,8.2,2012,0.549,0.027,,0.007,0.355,0.123,0.013,0.011,0.013,3.17,58.06,12.92,7.27,8.08,10.5,25.54,0.96,61.230000000000004,28.269999999999996,10.5,46.08372222222223,60.86691666666667,40.0,True,True,surveyed,True
2А/12,6.0,16.0,0.1,0.03,2.1,5.1,,,12.75,0.25,0.32,0.2,13.5,7.0,200.0,39.2,8.5,2012,,,,,,,,,,,,,,,,,,,,,46.08372222222223,60.86691666666667,40.0,True,True,surveyed,True
2А/12,18.0,28.0,0.63,0.06,6.5,8.3,,,5.75,10.25,0.99,0.63,17.6,6.0,570.0,25.2,8.7,2012,,,,,,,,,,,,,,,,,,,,,46.08372222222223,60.86691666666667,40.0,True,True,surveyed,True
2А/12,35.0,45.0,,,,8.8,,,,,,,,,,,8.8,2012,,,,,,,,,,,,,,,,,,,,,46.08372222222223,60.86691666666667,40.0,True,True,surveyed,True
2А/12,55.0,65.0,,,,7.5,,,,,,,,,,,8.6,2012,,,,,,,,,,,,,,,,,,,,,46.08372222222223,60.86691666666667,40.0,True,True,surveyed,True
2А/12,90.0,100.0,,,,9.3,,,,,,,,,,,8.6,2012,,,,,,,,,,,,,,,,,,,,,46.08372222222223,60.86691666666667,40.0,True,True,surveyed,True
30/13,0.0,2.0,0.65,0.042,9.0,,,,3.25,2.75,0.94,0.16,7.1,40.0,160.0,28.0,8.5,2013,0.051,0.022,,,0.015,0.008,0.002,0.001,0.003,29.78,61.34,0.4,3.23,0.81,4.44,8.47,0.82,91.12,4.4399999999999995,4.44,46.08377777777778,61.16363888888889,60.0,True,True,surveyed,True
30/13,2.0,6.0,0.38,0.042,5.2,0.5,1.2,,3.25,2.0,0.57,0.18,6.0,29.0,160.0,19.6,8.9,2013,,,,,,,,,,,,,,,,,,,,,46.08377777777778,61.16363888888889,60.0,True,True,surveyed,True
30/13,7.0,17.0,0.17,0.028,3.5,,,,2.75,2.25,1.03,0.16,6.2,33.0,160.0,22.4,8.9,2013,,,,,,,,,,,,,,,,,,,,,46.08377777777778,61.16363888888889,60.0,True,True,surveyed,True
30/13,20.0,30.0,0.21,0.014,8.7,1.2,2.7,,3.0,2.0,0.94,0.17,6.1,15.0,190.0,16.8,8.9,2013,,,,,,,,,,,,,,,,,,,,,46.08377777777778,61.16363888888889,60.0,True,True,surveyed,True
30/13,45.0,55.0,0.14,0.014,5.8,2.2,5.0,0.6,3.75,2.0,0.18,0.14,6.1,29.0,140.0,22.4,8.9,2013,,,,,,,,,,,,,,,,,,,,,46.08377777777778,61.16363888888889,60.0,True,True,surveyed,True
30/13,80.0,90.0,,,,1.2,2.7,0.5,,,,,,,,,8.7,2013,,,,,,,,,,,,,,,,,,,,,46.08377777777778,61.16363888888889,60.0,True,True,surveyed,True
30/14,0.0,10.0,5.23,0.308,9.8,7.0,15.8,,19.5,9.0,0.19,0.46,29.2,,,,,2014,0.742,0.027,,0.042,0.461,0.095,0.041,0.065,0.011,,,,,,,,,,,,45.831611111111116,61.717777777777776,24.7,True,True,surveyed,True
30/14,10.0,20.0,3.45,0.182,11.0,6.4,14.5,,17.0,9.0,0.31,0.36,26.7,,,,,2014,,,,,,,,,,,,,,,,,,,,,45.831611111111116,61.717777777777776,24.7,True,True,surveyed,True
30/14,24.0,34.0,,,,9.4,21.3,,,,,,,,,,,2014,,,,,,,,,,,,,,,,,,,,,45.831611111111116,61.717777777777776,24.7,True,True,surveyed,True
30/14,70.0,80.0,,,,9.7,22.1,,,,,,,,,,,2014,,,,,,,,,,,,,,,,,,,,,45.831611111111116,61.717777777777776,24.7,True,True,surveyed,True
32/14,0.0,6.0,0.21,0.014,8.7,0.3,0.7,,3.5,1.5,0.28,0.14,5.4,,,,,2014,0.041,0.015,,0.001,0.013,0.006,0.001,0.002,0.003,,,,,,,,,,,,45.78322222222222,61.82222222222222,31.8,True,True,surveyed,True
32/14,6.0,16.0,0.52,0.014,21.5,0.6,1.5,,2.5,2.25,0.21,0.18,5.1,,,,,2014,,,,,,,,,,,,,,,,,,,,,45.78322222222222,61.82222222222222,31.8,True,True,surveyed,True
32/14,18.0,28.0,0.24,0.014,9.9,1.7,4.0,,4.0,2.25,0.36,0.24,6.9,,,,,2014,,,,,,,,,,,,,,,,,,,,,45.78322222222222,61.82222222222222,31.8,True,True,surveyed,True
32/14,32.0,42.0,,,,2.9,6.5,,,,,,,,,,,2014,,,,,,,,,,,,,,,,,,,,,45.78322222222222,61.82222222222222,31.8,True,True,surveyed,True
32/14,100.0,110.0,,,,0.9,2.0,,,,,,,,,,,2014,,,,,,,,,,,,,,,,,,,,,45.78322222222222,61.82222222222222,31.8,True,True,surveyed,True
33/14,0.0,2.0,1.83,0.154,6.9,4.3,9.8,,10.0,3.25,8.7,0.37,22.3,,,,,2014,2.926,0.041,0.002,0.008,1.964,0.19,0.029,0.68,0.014,,,,,,,,,,,,45.81388888888888,61.847972222222225,26.8,True,True,surveyed,True
33/14,2.0,8.0,2.03,0.154,7.6,3.5,7.8,,9.25,2.5,14.3,0.36,26.4,,,,,2014,,,,,,,,,,,,,,,,,,,,,45.81388888888888,61.847972222222225,26.8,True,True,surveyed,True
33/14,9.0,19.0,1.58,0.098,9.4,3.9,8.9,,10.0,5.5,6.9,0.38,22.8,,,,,2014,,,,,,,,,,,,,,,,,,,,,45.81388888888888,61.847972222222225,26.8,True,True,surveyed,True
33/14,25.0,35.0,,,,8.4,19.2,,,,,,,,,,,2014,,,,,,,,,,,,,,,,,,,,,45.81388888888888,61.847972222222225,26.8,True,True,surveyed,True
33/14,45.0,55.0,,,,5.9,13.5,,,,,,,,,,,2014,,,,,,,,,,,,,,,,,,,,,45.81388888888888,61.847972222222225,26.8,True,True,surveyed,True
33/14,90.0,100.0,,,,8.9,20.2,,,,,,,,,,,2014,,,,,,,,,,,,,,,,,,,,,45.81388888888888,61.847972222222225,26.8,True,True,surveyed,True
34/14,0.0,10.0,3.43,0.126,15.8,1.6,3.7,,17.0,6.75,0.21,0.5,24.5,47.0,230.0,39.2,,2014,0.657,0.027,,0.039,0.398,0.086,0.029,0.065,0.013,,,,,,,,,,,,45.80422222222222,61.93469444444444,28.8,True,True,surveyed,True
34/14,10.0,20.0,2.17,0.126,10.0,1.7,3.8,,16.5,4.5,0.24,0.38,21.6,40.0,370.0,30.8,,2014,,,,,,,,,,,,,,,,,,,,,45.80422222222222,61.93469444444444,28.8,True,True,surveyed,True
34/14,20.0,30.0,1.65,0.098,9.8,1.7,3.9,,16.0,5.5,0.55,0.27,22.3,33.0,280.0,33.6,,2014,,,,,,,,,,,,,,,,,,,,,45.80422222222222,61.93469444444444,28.8,True,True,surveyed,True
34/14,40.0,50.0,0.76,0.028,15.7,3.8,8.6,,6.0,2.75,0.25,0.11,9.1,7.0,120.0,25.2,,2014,,,,,,,,,,,,,,,,,,,,,45.80422222222222,61.93469444444444,28.8,True,True,surveyed,True
34/14,100.0,110.0,,,,8.1,18.4,,,,,,,,,,,2014,,,,,,,,,,,,,,,,,,,,,45.80422222222222,61.93469444444444,28.8,True,True,surveyed,True
35/14,0.0,6.0,2.07,0.112,10.7,3.5,8.0,,20.0,3.0,0.16,0.64,23.8,,,,,2014,1.516,0.024,,0.006,1.07,0.286,0.087,0.017,0.026,,,,,,,,,,,,45.79880555555555,61.56722222222223,32.0,True,True,surveyed,True
35/14,7.0,17.0,1.24,0.07,10.3,3.3,7.5,,16.5,5.5,0.05,0.39,22.4,,,,,2014,,,,,,,,,,,,,,,,,,,,,45.79880555555555,61.56722222222223,32.0,True,True,surveyed,True
35/14,20.0,30.0,0.79,0.056,8.2,2.5,5.7,,12.25,10.5,2.4,0.1,25.2,,,,,2014,,,,,,,,,,,,,,,,,,,,,45.79880555555555,61.56722222222223,32.0,True,True,surveyed,True
35/14,37.0,47.0,,,,2.4,5.5,,,,,,,,,,,2014,,,,,,,,,,,,,,,,,,,,,45.79880555555555,61.56722222222223,32.0,True,True,surveyed,True
35/14,60.0,70.0,,,,0.7,1.5,,,,,,,,,,,2014,,,,,,,,,,,,,,,,,,,,,45.79880555555555,61.56722222222223,32.0,True,True,surveyed,True
37/14,0.0,10.0,1.79,0.07,14.8,4.2,9.6,,10.0,25.0,2.6,0.3,37.9,,,,,2014,4.007,0.02,,0.724,2.04,0.238,0.231,0.73,0.024,,,,,,,,,,,,45.84022222222222,61.56077777777777,28.1,True,True,surveyed,True
37/14,10.0,20.0,0.86,0.028,17.8,4.0,9.2,,11.5,12.5,0.4,0.32,24.7,,,,,2014,,,,,,,,,,,,,,,,,,,,,45.84022222222222,61.56077777777777,28.1,True,True,surveyed,True
37/14,21.0,30.0,0.45,0.014,18.6,1.9,4.3,,10.5,12.0,0.8,0.25,23.6,,,,,2014,,,,,,,,,,,,,,,,,,,,,45.84022222222222,61.56077777777777,28.1,True,True,surveyed,True
37/14,32.0,42.0,,,,1.2,2.8,,,,,,,,,,,2014,,,,,,,,,,,,,,,,,,,,,45.84022222222222,61.56077777777777,28.1,True,True,surveyed,True
37/14,100.0,110.0,,,,0.9,2.0,,,,,,,,,,,2014,,,,,,,,,,,,,,,,,,,,,45.84022222222222,61.56077777777777,28.1,True,True,surveyed,True
3А/12,0.0,6.0,1.5,0.11,7.8,6.6,,,12.0,7.5,0.88,0.47,20.9,37.0,1200.0,28.0,8.9,2012,5.681,0.027,0.002,1.332,2.468,0.294,0.209,1.283,0.068,11.04,24.52,35.26,7.3,10.94,10.94,29.18,1.3,35.56,53.49999999999999,10.94,46.08502777777778,60.86188888888889,37.0,True,True,surveyed,True
3А/12,6.0,16.0,0.67,0.07,5.6,7.4,,,12.0,2.0,0.53,0.58,15.1,7.0,810.0,19.6,8.9,2012,,,,,,,,,,,,,,,,,,,,,46.08502777777778,60.86188888888889,37.0,True,True,surveyed,True
3А/12,22.0,32.0,0.47,0.06,4.9,7.6,,,9.75,14.25,0.85,0.71,25.6,6.0,520.0,16.8,8.9,2012,,,,,,,,,,,,,,,,,,,,,46.08502777777778,60.86188888888889,37.0,True,True,surveyed,True
3А/12,45.0,55.0,,,,5.6,,,,,,,,,,,8.9,2012,,,,,,,,,,,,,,,,,,,,,46.08502777777778,60.86188888888889,37.0,True,True,surveyed,True
3А/12,90.0,100.0,,,,5.7,,,,,,,,,,,9.0,2012,,,,,,,,,,,,,,,,,,,,,46.08502777777778,60.86188888888889,37.0,True,True,surveyed,True
4А/12,0.0,5.0,0.87,0.08,6.0,5.6,,,6.75,1.25,0.4,0.37,8.8,140.0,420.0,47.6,8.4,2012,0.165,0.046,,0.011,0.059,0.016,0.007,0.013,0.013,4.27,58.29,11.68,5.23,11.67,8.86,25.76,0.64,62.56,28.58,8.86,46.06888888888889,60.934666666666665,47.0,True,True,surveyed,True
4А/12,7.0,17.0,0.84,0.07,7.0,9.0,,,6.75,1.5,0.53,0.97,9.8,4.0,980.0,30.8,9.1,2012,,,,,,,,,,,,,,,,,,,,,46.06888888888889,60.934666666666665,47.0,True,True,surveyed,True
4А/12,21.0,31.0,0.53,0.06,5.5,8.7,,,6.75,8.25,2.4,0.49,17.9,4.0,350.0,25.2,8.4,2012,,,,,,,,,,,,,,,,,,,,,46.06888888888889,60.934666666666665,47.0,True,True,surveyed,True
4А/12,35.0,45.0,0.7,0.04,9.7,8.8,,,6.0,12.0,1.48,0.15,19.6,4.0,110.0,16.8,8.8,2012,,,,,,,,,,,,,,,,,,,,,46.06888888888889,60.934666666666665,47.0,True,True,surveyed,True
4А/12,85.0,95.0,,,,9.2,,,,,,,,,,,8.6,2012,,,,,,,,,,,,,,,,,,,,,46.06888888888889,60.934666666666665,47.0,True,True,surveyed,True
5А/12,0.0,6.0,1.77,0.14,7.3,5.1,,,18.5,1.5,0.95,0.38,21.3,4.0,700.0,33.6,8.1,2012,1.725,0.022,,0.221,0.955,0.314,0.051,0.137,0.025,3.89,35.97,37.23,13.09,5.32,4.5,22.91,2.24,39.86,55.63999999999999,4.5,46.08605555555556,60.95527777777778,51.0,True,True,surveyed,True
5А/12,7.0,17.0,0.84,0.06,8.7,7.9,,,12.75,1.25,0.9,0.35,15.3,11.0,500.0,22.4,8.5,2012,,,,,,,,,,,,,,,,,,,,,46.08605555555556,60.95527777777778,51.0,True,True,surveyed,True
5А/12,20.0,30.0,0.13,0.03,2.7,7.1,,,2.75,2.5,0.86,0.17,6.3,6.0,100.0,14.0,9.2,2012,,,,,,,,,,,,,,,,,,,,,46.08605555555556,60.95527777777778,51.0,True,True,surveyed,True
5А/12,35.0,45.0,,,,8.3,,,,,,,,,,,9.0,2012,,,,,,,,,,,,,,,,,,,,,46.08605555555556,60.95527777777778,51.0,True,True,surveyed,True
5А/12,80.0,90.0,,,,8.1,,,,,,,,,,,8.9,2012,,,,,,,,,,,,,,,,,,,,,46.08605555555556,60.95527777777778,51.0,True,True,surveyed,True
6А/12,0.0,3.0,3.28,0.21,9.1,5.4,,,19.5,4.75,0.67,0.83,25.8,160.0,1020.0,39.2,8.1,2012,1.301,0.027,,0.014,0.88,0.294,0.03,0.031,0.025,6.77,30.76,28.53,8.7,12.83,12.42,33.95,3.38,37.53,50.06,12.42,46.034388888888884,61.03402777777777,48.0,True,True,surveyed,True
6А/12,3.0,10.0,0.87,0.06,9.0,7.4,,,12.0,4.0,0.61,0.13,16.7,4.0,160.0,36.4,8.4,2012,,,,,,,,,,,,,,,,,,,,,46.034388888888884,61.03402777777777,48.0,True,True,surveyed,True
6А/12,10.0,20.0,4.01,0.25,9.2,6.9,,,23.5,3.0,0.82,0.8,28.1,11.0,1020.0,42.0,7.9,2012,,,,,,,,,,,,,,,,,,,,,46.034388888888884,61.03402777777777,48.0,True,True,surveyed,True
6А/12,25.0,35.0,,,,4.7,,,,,,,,,,,8.7,2012,,,,,,,,,,,,,,,,,,,,,46.034388888888884,61.03402777777777,48.0,True,True,surveyed,True
6А/12,65.0,75.0,,,,4.4,,,,,,,,,,,8.9,2012,,,,,,,,,,,,,,,,,,,,,46.034388888888884,61.03402777777777,48.0,True,True,surveyed,True
7А/12,0.0,9.0,9.63,0.45,12.5,2.9,,,26.5,5.5,0.79,0.78,33.6,20.0,980.0,28.0,7.5,2012,1.559,0.037,,0.03,1.045,0.294,0.06,0.069,0.024,3.29,8.03,65.01,7.22,8.43,8.03,23.62,0.32,11.32,80.66,8.03,46.03138888888889,61.01616666666666,50.0,True,True,surveyed,True
7А/12,9.0,19.0,1.04,0.08,7.2,6.1,,,16.0,3.0,0.69,0.22,19.9,2.0,190.0,19.6,8.1,2012,,,,,,,,,,,,,,,,,,,,,46.03138888888889,61.01616666666666,50.0,True,True,surveyed,True
7А/12,20.0,30.0,0.27,0.04,3.7,5.2,,,4.0,1.75,0.39,0.08,6.2,2.0,60.0,16.8,8.8,2012,,,,,,,,,,,,,,,,,,,,,46.03138888888889,61.01616666666666,50.0,True,True,surveyed,True
7А/12,35.0,45.0,,0.04,,4.5,,,3.25,1.5,0.41,0.09,5.3,,50.0,22.4,8.8,2012,,,,,,,,,,,,,,,,,,,,,46.03138888888889,61.01616666666666,50.0,True,True,surveyed,True
7А/12,75.0,85.0,,,,5.1,,,,,,,,,,,8.9,2012,,,,,,,,,,,,,,,,,,,,,46.03138888888889,61.01616666666666,50.0,True,True,surveyed,True
8А/12,0.0,4.0,0.2,0.03,4.1,1.1,,,2.5,0.75,0.5,0.13,3.9,4.0,30.0,11.2,9.2,2012,0.093,0.015,0.002,0.014,0.036,0.01,0.004,0.011,0.003,2.78,84.82,2.4,6.0,3.2,0.8,10.0,0.02,87.6,11.600000000000001,0.8,46.01891666666666,60.989472222222226,47.0,True,True,surveyed,True
8А/12,4.0,11.0,0.03,0.01,1.2,0.5,,,2.0,0.75,0.21,0.06,3.0,2.0,170.0,14.0,9.1,2012,,,,,,,,,,,,,,,,,,,,,46.01891666666666,60.989472222222226,47.0,True,True,surveyed,True
8А/12,12.0,24.0,,0.01,,0.4,,,2.0,0.75,0.17,0.25,3.2,2.0,50.0,11.2,9.5,2012,,,,,,,,,,,,,,,,,,,,,46.01891666666666,60.989472222222226,47.0,True,True,surveyed,True
8А/12,30.0,40.0,,,,0.6,,,,,,,,,,,9.8,2012,,,,,,,,,,,,,,,,,,,,,46.01891666666666,60.989472222222226,47.0,True,True,surveyed,True
8А/12,75.0,85.0,,,,0.4,,,,,,,,,,,9.3,2012,,,,,,,,,,,,,,,,,,,,,46.01891666666666,60.989472222222226,47.0,True,True,surveyed,True
9А/12,0.0,5.0,1.07,0.1,6.3,7.5,,,13.0,8.5,0.2,0.64,22.3,20.0,1020.0,14.0,8.5,2012,3.647,0.022,,1.083,1.337,0.417,0.119,0.614,0.055,6.46,2.26,63.16,6.52,9.37,12.23,28.12,1.84,8.719999999999999,79.05,12.23,46.03363888888889,60.946888888888886,40.0,True,True,surveyed,True
9А/12,5.0,15.0,0.53,0.06,5.5,9.0,,,9.5,7.0,0.72,0.42,17.6,7.0,900.0,25.2,9.0,2012,,,,,,,,,,,,,,,,,,,,,46.03363888888889,60.946888888888886,40.0,True,True,surveyed,True
